{
  "Disabled": false,
  "Testing": false,
  "ScheduledForDeletion": false,
  "InstalledFromUrl": "https://raw.githubusercontent.com/AtmoOmen/DalamudPlugins/main/pluginmaster.json",
  "WorkingPluginId": "0e798c75-db9c-4558-b933-55a938c10b02",
  "IsThirdParty": true,
  "EffectiveVersion": "1.2.5.0",
  "EffectiveApiLevel": 10,
  "Author": "AtmoOmen",
  "Name": "Daily Routines",
  "Punchline": "帮忙解决一些日常重复性劳动 / Help with some of the daily repetitive tasks",
  "Description": "轻量化、低性能消耗、简单的自动化功能/易用性改动合集, 帮你从一些无意义的重复性工作中解放出来\nA collection of lightweight, simple automation features/easy-to-use modules to free you from meaningless repetitive tasks.",
  "Changelog": null,
  "Tags": [
    "Daily",
    "Auto",
    "日常",
    "自动"
  ],
  "CategoryTags": null,
  "IsHide": false,
  "InternalName": "DailyRoutines",
  "AssemblyVersion": "1.2.5.0",
  "TestingAssemblyVersion": "1.2.3.1",
  "IsTestingExclusive": false,
  "RepoUrl": "https://github.com/AtmoOmen/DalamudPlugins",
  "ApplicableVersion": "any",
  "DalamudApiLevel": 10,
  "TestingDalamudApiLevel": 10,
  "DownloadCount": 0,
  "LastUpdate": 0,
  "DownloadLinkInstall": "https://raw.githubusercontent.com/AtmoOmen/DalamudPlugins/main/Plugins/DailyRoutines/latest.zip",
  "DownloadLinkUpdate": "https://raw.githubusercontent.com/AtmoOmen/DalamudPlugins/main/Plugins/DailyRoutines/latest.zip",
  "DownloadLinkTesting": "https://raw.githubusercontent.com/AtmoOmen/DalamudPlugins/main/Plugins/DailyRoutines/latest_test.zip",
  "LoadRequiredState": 0,
  "LoadSync": false,
  "LoadPriority": 10000,
  "CanUnloadAsync": false,
  "SupportsProfiles": true,
  "ImageUrls": null,
  "IconUrl": "https://raw.githubusercontent.com/AtmoOmen/StaticAssets/main/DailyRoutines/image/icon.png",
  "AcceptsFeedback": true,
  "FeedbackMessage": null,
  "_Dip17Channel": null
}