N,0,4,06/29/2025 21:04:37,1,0,22,36350,2,0,30000,0,0,0,0,0,0,0,0,0,0,0,0,0,0,0,1,22,18014469511657539,0,,,0,22,36350,3,0,30000,0,0,0,0,0,0,0,0,0,0,0,0,0,0,0,1,22,18014469511657539,0,,
N,0,1,06/29/2025 21:04:37,1,3205,3,41968,1,10000,12659,0,0,0,0,0,0,0,0,0,0,0,0,0,0,3205,5,3,18014469511657539,0,0,召唤师,null
N,0,0,06/29/2025 21:04:37,1,null,3205,3,41891,1,8286,22472,0,0,0,0,0,0,0,0,0,0,0,0,0,0,3205,5,3,18014469511657539,0,,
N,0,1,06/29/2025 21:04:37,1,3206,34,41969,1,10000,15199,0,0,0,0,0,0,0,0,0,0,0,0,0,0,3206,5,34,18014469511657539,0,0,召唤师,null
N,0,0,06/29/2025 21:04:37,1,null,3206,34,41892,1,2902,22410,0,0,0,0,0,0,0,0,0,0,0,0,0,0,3206,5,34,18014469511657539,0,,
N,0,1,06/29/2025 21:04:37,1,3207,28,41974,1,10000,12765,0,0,0,0,0,0,0,0,0,0,0,0,0,0,3207,5,28,18014469511657539,0,0,召唤师,null
N,0,0,06/29/2025 21:04:37,1,null,3207,28,41897,1,10000,20101,0,0,0,0,0,0,0,0,0,0,0,0,0,0,3207,5,28,18014469511657539,0,,
N,0,1,06/29/2025 21:04:37,1,3208,24,41979,1,10000,7636,0,0,0,0,0,0,0,0,0,0,0,0,0,0,3208,5,24,18014469511657539,0,0,召唤师,null
N,0,0,06/29/2025 21:04:37,1,null,3208,24,41902,1,10000,19851,0,0,0,0,0,0,0,0,0,0,0,0,0,0,3208,5,24,18014469511657539,0,,
N,0,1,06/29/2025 21:04:37,1,3209,31,41984,1,10000,12996,0,0,0,0,0,0,0,0,0,0,0,0,0,0,3209,5,31,18014469511657539,0,0,召唤师,null
N,0,0,06/29/2025 21:04:37,1,null,3209,31,41907,1,2902,20126,0,0,0,0,0,0,0,0,0,0,0,0,0,0,3209,5,31,18014469511657539,0,,
N,0,1,06/29/2025 21:04:37,1,3300,33,41989,1,10000,20942,0,0,0,0,0,0,0,0,0,0,0,0,0,0,3300,5,33,18014469511657539,0,0,召唤师,null
N,0,0,06/29/2025 21:04:37,1,null,3300,33,41912,1,8370,20191,0,0,0,0,0,0,0,0,0,0,0,0,0,0,3300,5,33,18014469511657539,0,0;20,召唤师;赤魔法师
N,0,1,06/29/2025 21:04:37,1,1000,6,41891,1,8286,24326,0,0,0,0,0,0,0,0,0,0,0,0,0,0,1000,6,6,18014469511657539,0,20,赤魔法师,null
N,0,0,06/29/2025 21:04:37,1,null,1000,6,41968,1,10000,28290,0,0,0,0,0,0,0,0,0,0,0,0,0,0,1000,6,6,18014469511657539,0,0;20,召唤师;赤魔法师
N,0,1,06/29/2025 21:04:37,1,1000,7,41892,1,2902,24228,0,0,0,0,0,0,0,0,0,0,0,0,0,0,1000,6,7,18014469511657539,0,20,赤魔法师,null
N,0,0,06/29/2025 21:04:37,1,null,1000,7,41969,1,10000,28254,0,0,0,0,0,0,0,0,0,0,0,0,0,0,1000,6,7,18014469511657539,0,0;20,召唤师;赤魔法师
N,0,1,06/29/2025 21:04:37,1,1000,8,41897,1,10000,22525,0,0,0,0,0,0,0,0,0,0,0,0,0,0,1000,6,8,18014469511657539,0,20,赤魔法师,null
N,0,0,06/29/2025 21:04:37,1,null,1000,8,41974,1,10000,27648,0,0,0,0,0,0,0,0,0,0,0,0,0,0,1000,6,8,18014469511657539,0,0;20,召唤师;赤魔法师
N,0,1,06/29/2025 21:04:37,1,1000,9,41902,1,10000,22251,0,0,0,0,0,0,0,0,0,0,0,0,0,0,1000,6,9,18014469511657539,0,20,赤魔法师,null
N,0,0,06/29/2025 21:04:37,1,null,1000,9,41979,1,10000,27552,0,0,0,0,0,0,0,0,0,0,0,0,0,0,1000,6,9,18014469511657539,0,0;20,召唤师;赤魔法师
N,0,1,06/29/2025 21:04:37,1,1000,10,41907,1,2902,22526,0,0,0,0,0,0,0,0,0,0,0,0,0,0,1000,6,10,18014469511657539,0,20,赤魔法师,null
N,0,0,06/29/2025 21:04:37,1,null,1000,10,41984,1,10000,27720,0,0,0,0,0,0,0,0,0,0,0,0,0,0,1000,6,10,18014469511657539,0,0;20,召唤师;赤魔法师
N,0,1,06/29/2025 21:04:37,1,1000,11,41912,1,8370,22519,0,0,0,0,0,0,0,0,0,0,0,0,0,0,1000,6,11,18014469511657539,0,0;20,召唤师;赤魔法师,null
N,0,0,06/29/2025 21:04:37,1,null,1000,11,41989,1,10000,27648,0,0,0,0,0,0,0,0,0,0,0,0,0,0,1000,6,11,18014469511657539,0,0;20,召唤师;赤魔法师
N,0,4,06/29/2025 21:04:37,1,2000,0,1,52210452,0,0,0,0,0,0,0,0,0,0,0,0,0,0,0,0,2000,12,0,18014469511657539,0,,,2000,0,1,52204461,0,0,0,0,0,0,0,0,0,0,0,0,0,0,0,0,2000,12,0,18014469511657539,0,,
N,0,4,06/29/2025 21:04:37,1,2000,1,20,1919,0,0,0,0,0,0,0,0,0,0,0,0,0,0,0,0,2000,12,1,18014469511657539,0,,,2000,1,20,116,0,0,0,0,0,0,0,0,0,0,0,0,0,0,0,0,2000,12,1,18014469511657539,0,,
N,0,4,06/29/2025 21:04:37,1,2000,37,21072,31371,0,0,0,0,0,0,0,0,0,0,0,0,0,0,0,0,2000,12,37,18014469511657539,0,,,2000,37,21072,31407,0,0,0,0,0,0,0,0,0,0,0,0,0,0,0,0,2000,12,37,18014469511657539,0,,
N,0,4,06/29/2025 21:04:54,29,0,0,4650,546,0,30000,0,0,0,0,0,0,0,0,0,0,0,0,0,0,0,1,0,18014469511657539,0,,,0,0,4650,545,0,30000,0,0,0,0,0,0,0,0,0,0,0,0,0,0,0,1,0,18014469511657539,0,,
N,0,0,06/29/2025 21:13:22,30,1,0,0,0,0,0,0,0,0,0,0,0,0,0,0,0,0,0,0,0,1,1,9,0,0,,,0,9,41944,1,0,30000,0,0,0,0,0,0,0,0,0,0,0,0,0,0,1,1,9,18014469511657539,0,,
N,0,0,06/29/2025 21:16:59,31,1,0,0,0,0,0,0,0,0,0,0,0,0,0,0,0,0,0,0,0,1,1,10,0,0,,,0,10,41971,1,0,30000,0,0,0,0,0,0,0,0,0,0,0,0,0,0,1,1,10,18014469511657539,0,,
N,0,0,06/29/2025 21:21:47,32,1,0,0,0,0,0,0,0,0,0,0,0,0,0,0,0,0,0,0,0,1,1,11,0,0,,,0,11,41963,1,0,30000,0,0,0,0,0,0,0,0,0,0,0,0,0,0,1,1,11,18014469511657539,0,,
N,0,0,06/29/2025 21:23:08,33,1,0,0,0,0,0,0,0,0,0,0,0,0,0,0,0,0,0,0,0,1,1,12,0,0,,,1,12,41985,1,0,30000,0,0,0,0,0,0,0,0,0,0,0,0,0,0,1,1,12,18014469511657539,0,,
N,0,0,06/29/2025 21:26:35,34,1,0,0,0,0,0,0,0,0,0,0,0,0,0,0,0,0,0,0,0,1,1,13,0,0,,,1,13,41978,1,0,30000,0,0,0,0,0,0,0,0,0,0,0,0,0,0,1,1,13,18014469511657539,0,,
N,0,0,06/29/2025 21:31:06,35,1,0,0,0,0,0,0,0,0,0,0,0,0,0,0,0,0,0,0,0,1,1,14,0,0,,,1,14,41927,1,0,30000,0,0,0,0,0,0,0,0,0,0,0,0,0,0,1,1,14,18014469511657539,0,,
N,0,0,06/29/2025 21:31:13,36,1,0,0,0,0,0,0,0,0,0,0,0,0,0,0,0,0,0,0,0,1,1,15,0,0,,,1,15,41961,1,0,30000,0,0,0,0,0,0,0,0,0,0,0,0,0,0,1,1,15,18014469511657539,0,,
N,0,0,06/29/2025 21:31:13,36,1,0,0,0,0,0,0,0,0,0,0,0,0,0,0,0,0,0,0,0,1,1,16,0,0,,,1,16,41917,1,0,30000,0,0,0,0,0,0,0,0,0,0,0,0,0,0,1,1,16,18014469511657539,0,,
N,0,4,06/29/2025 21:31:52,38,0,0,4650,545,0,30000,0,0,0,0,0,0,0,0,0,0,0,0,0,0,0,1,0,18014469511657539,0,,,0,0,4650,544,0,30000,0,0,0,0,0,0,0,0,0,0,0,0,0,0,0,1,0,18014469511657539,0,,
N,0,1,06/29/2025 21:31:57,39,3500,41,41927,1,0,30000,0,0,0,0,0,0,0,0,0,0,0,0,0,0,3500,5,41,18014469511657539,0,20,赤魔法师,null
N,0,0,06/29/2025 21:31:57,39,null,3500,41,34619,1,10000,26049,0,0,0,0,0,0,0,0,0,0,0,0,0,0,3500,5,41,18014469511657539,0,,
N,0,1,06/29/2025 21:31:59,41,1,16,41917,1,0,30000,0,0,0,0,0,0,0,0,0,0,0,0,0,0,1,1,16,18014469511657539,0,,,1,16,0,0,0,30000,0,0,0,0,0,0,0,0,0,0,0,0,0,0,1,1,16,18014469511657539,0,,
N,0,4,06/29/2025 21:31:59,41,2000,1,20,116,0,0,0,0,0,0,0,0,0,0,0,0,0,0,0,0,2000,12,1,18014469511657539,0,,,2000,1,20,2095,0,0,0,0,0,0,0,0,0,0,0,0,0,0,0,0,2000,12,1,18014469511657539,0,,
N,0,1,06/29/2025 21:31:59,43,1,15,41961,1,0,30000,0,0,0,0,0,0,0,0,0,0,0,0,0,0,1,1,15,18014469511657539,0,,,1,15,0,0,0,30000,0,0,0,0,0,0,0,0,0,0,0,0,0,0,1,1,15,18014469511657539,0,,
N,0,4,06/29/2025 21:31:59,43,2000,1,20,2095,0,0,0,0,0,0,0,0,0,0,0,0,0,0,0,0,2000,12,1,18014469511657539,0,,,2000,1,20,4074,0,0,0,0,0,0,0,0,0,0,0,0,0,0,0,0,2000,12,1,18014469511657539,0,,
N,0,1,06/29/2025 21:32:00,45,0,11,41963,1,0,30000,0,0,0,0,0,0,0,0,0,0,0,0,0,0,1,1,11,18014469511657539,0,,,0,11,0,0,0,30000,0,0,0,0,0,0,0,0,0,0,0,0,0,0,1,1,11,18014469511657539,0,,
N,0,4,06/29/2025 21:32:00,45,2000,1,20,4074,0,0,0,0,0,0,0,0,0,0,0,0,0,0,0,0,2000,12,1,18014469511657539,0,,,2000,1,20,6053,0,0,0,0,0,0,0,0,0,0,0,0,0,0,0,0,2000,12,1,18014469511657539,0,,
N,0,1,06/29/2025 21:32:01,47,0,9,41944,1,0,30000,0,0,0,0,0,0,0,0,0,0,0,0,0,0,1,1,9,18014469511657539,0,,,0,9,0,0,0,30000,0,0,0,0,0,0,0,0,0,0,0,0,0,0,1,1,9,18014469511657539,0,,
N,0,4,06/29/2025 21:32:01,47,2000,1,20,6053,0,0,0,0,0,0,0,0,0,0,0,0,0,0,0,0,2000,12,1,18014469511657539,0,,,2000,1,20,8032,0,0,0,0,0,0,0,0,0,0,0,0,0,0,0,0,2000,12,1,18014469511657539,0,,
N,0,1,06/29/2025 21:32:01,49,0,10,41971,1,0,30000,0,0,0,0,0,0,0,0,0,0,0,0,0,0,1,1,10,18014469511657539,0,,,0,10,0,0,0,30000,0,0,0,0,0,0,0,0,0,0,0,0,0,0,1,1,10,18014469511657539,0,,
N,0,4,06/29/2025 21:32:01,49,2000,1,20,8032,0,0,0,0,0,0,0,0,0,0,0,0,0,0,0,0,2000,12,1,18014469511657539,0,,,2000,1,20,10011,0,0,0,0,0,0,0,0,0,0,0,0,0,0,0,0,2000,12,1,18014469511657539,0,,
N,0,1,06/29/2025 21:32:02,51,1,13,41978,1,0,30000,0,0,0,0,0,0,0,0,0,0,0,0,0,0,1,1,13,18014469511657539,0,,,1,13,0,0,0,30000,0,0,0,0,0,0,0,0,0,0,0,0,0,0,1,1,13,18014469511657539,0,,
N,0,4,06/29/2025 21:32:02,51,2000,1,20,10011,0,0,0,0,0,0,0,0,0,0,0,0,0,0,0,0,2000,12,1,18014469511657539,0,,,2000,1,20,11990,0,0,0,0,0,0,0,0,0,0,0,0,0,0,0,0,2000,12,1,18014469511657539,0,,
N,0,1,06/29/2025 21:32:03,53,1,12,41985,1,0,30000,0,0,0,0,0,0,0,0,0,0,0,0,0,0,1,1,12,18014469511657539,0,,,1,12,0,0,0,30000,0,0,0,0,0,0,0,0,0,0,0,0,0,0,1,1,12,18014469511657539,0,,
N,0,4,06/29/2025 21:32:03,53,2000,1,20,11990,0,0,0,0,0,0,0,0,0,0,0,0,0,0,0,0,2000,12,1,18014469511657539,0,,,2000,1,20,13969,0,0,0,0,0,0,0,0,0,0,0,0,0,0,0,0,2000,12,1,18014469511657539,0,,
N,0,1,06/29/2025 21:32:03,55,0,8,34613,1,0,30000,0,0,0,0,0,0,0,0,0,0,0,0,0,0,1,1,8,18014469511657539,0,,,0,8,0,0,0,30000,0,0,0,0,0,0,0,0,0,0,0,0,0,0,1,1,8,18014469511657539,0,,
N,0,4,06/29/2025 21:32:04,56,2000,1,20,13969,0,0,0,0,0,0,0,0,0,0,0,0,0,0,0,0,2000,12,1,18014469511657539,0,,,2000,1,20,15768,0,0,0,0,0,0,0,0,0,0,0,0,0,0,0,0,2000,12,1,18014469511657539,0,,
N,0,1,06/29/2025 21:32:04,57,0,20,34650,1,0,30000,0,0,0,0,0,0,0,0,0,0,0,0,0,0,0,1,20,18014469511657539,0,,,0,20,0,0,0,30000,0,0,0,0,0,0,0,0,0,0,0,0,0,0,0,1,20,18014469511657539,0,,
N,0,4,06/29/2025 21:32:04,57,2000,1,20,15768,0,0,0,0,0,0,0,0,0,0,0,0,0,0,0,0,2000,12,1,18014469511657539,0,,,2000,1,20,17567,0,0,0,0,0,0,0,0,0,0,0,0,0,0,0,0,2000,12,1,18014469511657539,0,,
N,0,1,06/29/2025 21:32:05,59,0,7,34646,1,0,30000,0,0,0,0,0,0,0,0,0,0,0,0,0,0,1,1,7,18014469511657539,0,,,0,7,0,0,0,30000,0,0,0,0,0,0,0,0,0,0,0,0,0,0,1,1,7,18014469511657539,0,,
N,0,4,06/29/2025 21:32:05,59,2000,1,20,17567,0,0,0,0,0,0,0,0,0,0,0,0,0,0,0,0,2000,12,1,18014469511657539,0,,,2000,1,20,19366,0,0,0,0,0,0,0,0,0,0,0,0,0,0,0,0,2000,12,1,18014469511657539,0,,
N,0,1,06/29/2025 21:32:05,61,0,4,34633,1,0,30000,0,0,0,0,0,0,0,0,0,0,0,0,0,0,1,1,4,18014469511657539,0,,,0,4,0,0,0,30000,0,0,0,0,0,0,0,0,0,0,0,0,0,0,1,1,4,18014469511657539,0,,
N,0,4,06/29/2025 21:32:05,61,2000,1,20,19366,0,0,0,0,0,0,0,0,0,0,0,0,0,0,0,0,2000,12,1,18014469511657539,0,,,2000,1,20,21165,0,0,0,0,0,0,0,0,0,0,0,0,0,0,0,0,2000,12,1,18014469511657539,0,,
N,0,1,06/29/2025 21:32:06,63,0,3,34668,1,0,30000,0,0,0,0,0,0,0,0,0,0,0,0,0,0,1,1,3,18014469511657539,0,,,0,3,0,0,0,30000,0,0,0,0,0,0,0,0,0,0,0,0,0,0,1,1,3,18014469511657539,0,,
N,0,4,06/29/2025 21:32:06,63,2000,1,20,21165,0,0,0,0,0,0,0,0,0,0,0,0,0,0,0,0,2000,12,1,18014469511657539,0,,,2000,1,20,22964,0,0,0,0,0,0,0,0,0,0,0,0,0,0,0,0,2000,12,1,18014469511657539,0,,
N,0,4,06/29/2025 21:32:09,65,2000,1,20,22964,0,0,0,0,0,0,0,0,0,0,0,0,0,0,0,0,2000,12,1,18014469511657539,0,,,2000,1,20,164,0,0,0,0,0,0,0,0,0,0,0,0,0,0,0,0,2000,12,1,18014469511657539,0,,
N,0,4,06/29/2025 21:32:09,65,2000,37,21072,31407,0,0,0,0,0,0,0,0,0,0,0,0,0,0,0,0,2000,12,37,18014469511657539,0,,,2000,37,21072,31521,0,0,0,0,0,0,0,0,0,0,0,0,0,0,0,0,2000,12,37,18014469511657539,0,,
N,0,0,06/29/2025 21:48:09,67,0,20,0,0,0,30000,0,0,0,0,0,0,0,0,0,0,0,0,0,0,0,1,20,18014469511657539,0,,,0,20,41962,1,0,30000,0,0,0,0,0,0,0,0,0,0,0,0,0,0,0,1,20,18014469511657539,0,,
N,0,0,06/29/2025 21:49:26,68,0,3,0,0,0,30000,0,0,0,0,0,0,0,0,0,0,0,0,0,0,1,1,3,18014469511657539,0,,,0,3,41980,1,0,30000,0,0,0,0,0,0,0,0,0,0,0,0,0,0,1,1,3,18014469511657539,0,,
N,0,0,06/29/2025 21:52:36,69,0,4,0,0,0,30000,0,0,0,0,0,0,0,0,0,0,0,0,0,0,1,1,4,18014469511657539,0,,,0,4,41976,1,0,30000,0,0,0,0,0,0,0,0,0,0,0,0,0,0,1,1,4,18014469511657539,0,,
N,0,0,06/29/2025 21:56:49,70,0,7,0,0,0,30000,0,0,0,0,0,0,0,0,0,0,0,0,0,0,1,1,7,18014469511657539,0,,,0,7,41916,1,0,30000,0,0,0,0,0,0,0,0,0,0,0,0,0,0,1,1,7,18014469511657539,0,,
N,0,4,06/29/2025 21:57:28,71,0,0,4650,544,0,30000,0,0,0,0,0,0,0,0,0,0,0,0,0,0,0,1,0,18014469511657539,0,,,0,0,4650,543,0,30000,0,0,0,0,0,0,0,0,0,0,0,0,0,0,0,1,0,18014469511657539,0,,
N,0,1,06/29/2025 21:57:34,72,0,7,41916,1,0,30000,0,0,0,0,0,0,0,0,0,0,0,0,0,0,1,1,7,18014469511657539,0,,,0,7,0,0,0,30000,0,0,0,0,0,0,0,0,0,0,0,0,0,0,1,1,7,18014469511657539,0,,
N,0,4,06/29/2025 21:57:34,72,2000,1,20,164,0,0,0,0,0,0,0,0,0,0,0,0,0,0,0,0,2000,12,1,18014469511657539,0,,,2000,1,20,2143,0,0,0,0,0,0,0,0,0,0,0,0,0,0,0,0,2000,12,1,18014469511657539,0,,
N,0,1,06/29/2025 21:57:35,74,0,20,41962,1,0,30000,0,0,0,0,0,0,0,0,0,0,0,0,0,0,0,1,20,18014469511657539,0,,,0,20,0,0,0,30000,0,0,0,0,0,0,0,0,0,0,0,0,0,0,0,1,20,18014469511657539,0,,
N,0,4,06/29/2025 21:57:35,74,2000,1,20,2143,0,0,0,0,0,0,0,0,0,0,0,0,0,0,0,0,2000,12,1,18014469511657539,0,,,2000,1,20,4122,0,0,0,0,0,0,0,0,0,0,0,0,0,0,0,0,2000,12,1,18014469511657539,0,,
N,0,1,06/29/2025 21:57:36,76,0,4,41976,1,0,30000,0,0,0,0,0,0,0,0,0,0,0,0,0,0,1,1,4,18014469511657539,0,,,0,4,0,0,0,30000,0,0,0,0,0,0,0,0,0,0,0,0,0,0,1,1,4,18014469511657539,0,,
N,0,4,06/29/2025 21:57:36,76,2000,1,20,4122,0,0,0,0,0,0,0,0,0,0,0,0,0,0,0,0,2000,12,1,18014469511657539,0,,,2000,1,20,6101,0,0,0,0,0,0,0,0,0,0,0,0,0,0,0,0,2000,12,1,18014469511657539,0,,
N,0,1,06/29/2025 21:57:36,78,0,3,41980,1,0,30000,0,0,0,0,0,0,0,0,0,0,0,0,0,0,1,1,3,18014469511657539,0,,,0,3,0,0,0,30000,0,0,0,0,0,0,0,0,0,0,0,0,0,0,1,1,3,18014469511657539,0,,
N,0,4,06/29/2025 21:57:36,78,2000,1,20,6101,0,0,0,0,0,0,0,0,0,0,0,0,0,0,0,0,2000,12,1,18014469511657539,0,,,2000,1,20,8080,0,0,0,0,0,0,0,0,0,0,0,0,0,0,0,0,2000,12,1,18014469511657539,0,,
N,0,4,06/29/2025 21:57:39,80,2000,1,20,8080,0,0,0,0,0,0,0,0,0,0,0,0,0,0,0,0,2000,12,1,18014469511657539,0,,,2000,1,20,80,0,0,0,0,0,0,0,0,0,0,0,0,0,0,0,0,2000,12,1,18014469511657539,0,,
N,0,4,06/29/2025 21:57:39,80,2000,37,21072,31521,0,0,0,0,0,0,0,0,0,0,0,0,0,0,0,0,2000,12,37,18014469511657539,0,,,2000,37,21072,31561,0,0,0,0,0,0,0,0,0,0,0,0,0,0,0,0,2000,12,37,18014469511657539,0,,
N,0,0,06/29/2025 22:05:36,82,0,20,0,0,0,30000,0,0,0,0,0,0,0,0,0,0,0,0,0,0,0,1,20,18014469511657539,0,,,0,20,41959,1,0,30000,0,0,0,0,0,0,0,0,0,0,0,0,0,0,0,1,20,18014469511657539,0,,
N,0,0,06/29/2025 22:07:35,83,0,3,0,0,0,30000,0,0,0,0,0,0,0,0,0,0,0,0,0,0,1,1,3,18014469511657539,0,,,0,3,41980,1,0,30000,0,0,0,0,0,0,0,0,0,0,0,0,0,0,1,1,3,18014469511657539,0,,
N,0,0,06/29/2025 22:13:39,84,0,4,0,0,0,30000,0,0,0,0,0,0,0,0,0,0,0,0,0,0,1,1,4,18014469511657539,0,,,0,4,41937,1,0,30000,0,0,0,0,0,0,0,0,0,0,0,0,0,0,1,1,4,18014469511657539,0,,
N,0,0,06/29/2025 22:14:58,85,0,7,0,0,0,30000,0,0,0,0,0,0,0,0,0,0,0,0,0,0,1,1,7,18014469511657539,0,,,0,7,41986,1,0,30000,0,0,0,0,0,0,0,0,0,0,0,0,0,0,1,1,7,18014469511657539,0,,
N,0,0,06/29/2025 22:18:10,86,0,8,0,0,0,30000,0,0,0,0,0,0,0,0,0,0,0,0,0,0,1,1,8,18014469511657539,0,,,0,8,41978,1,0,30000,0,0,0,0,0,0,0,0,0,0,0,0,0,0,1,1,8,18014469511657539,0,,
N,0,0,06/29/2025 22:25:40,87,0,9,0,0,0,30000,0,0,0,0,0,0,0,0,0,0,0,0,0,0,1,1,9,18014469511657539,0,,,0,9,41930,1,0,30000,0,0,0,0,0,0,0,0,0,0,0,0,0,0,1,1,9,18014469511657539,0,,
N,0,4,06/29/2025 22:26:19,88,0,0,4650,543,0,30000,0,0,0,0,0,0,0,0,0,0,0,0,0,0,0,1,0,18014469511657539,0,,,0,0,4650,542,0,30000,0,0,0,0,0,0,0,0,0,0,0,0,0,0,0,1,0,18014469511657539,0,,
N,0,1,06/29/2025 22:26:25,89,0,9,41930,1,0,30000,0,0,0,0,0,0,0,0,0,0,0,0,0,0,1,1,9,18014469511657539,0,,,0,9,0,0,0,30000,0,0,0,0,0,0,0,0,0,0,0,0,0,0,1,1,9,18014469511657539,0,,
N,0,4,06/29/2025 22:26:25,89,2000,1,20,80,0,0,0,0,0,0,0,0,0,0,0,0,0,0,0,0,2000,12,1,18014469511657539,0,,,2000,1,20,2059,0,0,0,0,0,0,0,0,0,0,0,0,0,0,0,0,2000,12,1,18014469511657539,0,,
N,0,1,06/29/2025 22:26:26,91,0,4,41937,1,0,30000,0,0,0,0,0,0,0,0,0,0,0,0,0,0,1,1,4,18014469511657539,0,,,0,4,0,0,0,30000,0,0,0,0,0,0,0,0,0,0,0,0,0,0,1,1,4,18014469511657539,0,,
N,0,4,06/29/2025 22:26:26,91,2000,1,20,2059,0,0,0,0,0,0,0,0,0,0,0,0,0,0,0,0,2000,12,1,18014469511657539,0,,,2000,1,20,4038,0,0,0,0,0,0,0,0,0,0,0,0,0,0,0,0,2000,12,1,18014469511657539,0,,
N,0,1,06/29/2025 22:26:26,93,0,20,41959,1,0,30000,0,0,0,0,0,0,0,0,0,0,0,0,0,0,0,1,20,18014469511657539,0,,,0,20,0,0,0,30000,0,0,0,0,0,0,0,0,0,0,0,0,0,0,0,1,20,18014469511657539,0,,
N,0,4,06/29/2025 22:26:26,93,2000,1,20,4038,0,0,0,0,0,0,0,0,0,0,0,0,0,0,0,0,2000,12,1,18014469511657539,0,,,2000,1,20,6017,0,0,0,0,0,0,0,0,0,0,0,0,0,0,0,0,2000,12,1,18014469511657539,0,,
N,0,1,06/29/2025 22:26:27,95,0,8,41978,1,0,30000,0,0,0,0,0,0,0,0,0,0,0,0,0,0,1,1,8,18014469511657539,0,,,0,8,0,0,0,30000,0,0,0,0,0,0,0,0,0,0,0,0,0,0,1,1,8,18014469511657539,0,,
N,0,4,06/29/2025 22:26:27,95,2000,1,20,6017,0,0,0,0,0,0,0,0,0,0,0,0,0,0,0,0,2000,12,1,18014469511657539,0,,,2000,1,20,7996,0,0,0,0,0,0,0,0,0,0,0,0,0,0,0,0,2000,12,1,18014469511657539,0,,
N,0,1,06/29/2025 22:26:28,97,0,3,41980,1,0,30000,0,0,0,0,0,0,0,0,0,0,0,0,0,0,1,1,3,18014469511657539,0,,,0,3,0,0,0,30000,0,0,0,0,0,0,0,0,0,0,0,0,0,0,1,1,3,18014469511657539,0,,
N,0,4,06/29/2025 22:26:28,97,2000,1,20,7996,0,0,0,0,0,0,0,0,0,0,0,0,0,0,0,0,2000,12,1,18014469511657539,0,,,2000,1,20,9975,0,0,0,0,0,0,0,0,0,0,0,0,0,0,0,0,2000,12,1,18014469511657539,0,,
N,0,1,06/29/2025 22:26:28,99,0,7,41986,1,0,30000,0,0,0,0,0,0,0,0,0,0,0,0,0,0,1,1,7,18014469511657539,0,,,0,7,0,0,0,30000,0,0,0,0,0,0,0,0,0,0,0,0,0,0,1,1,7,18014469511657539,0,,
N,0,4,06/29/2025 22:26:28,99,2000,1,20,9975,0,0,0,0,0,0,0,0,0,0,0,0,0,0,0,0,2000,12,1,18014469511657539,0,,,2000,1,20,11954,0,0,0,0,0,0,0,0,0,0,0,0,0,0,0,0,2000,12,1,18014469511657539,0,,
N,0,4,06/29/2025 22:26:31,101,2000,1,20,11954,0,0,0,0,0,0,0,0,0,0,0,0,0,0,0,0,2000,12,1,18014469511657539,0,,,2000,1,20,154,0,0,0,0,0,0,0,0,0,0,0,0,0,0,0,0,2000,12,1,18014469511657539,0,,
N,0,4,06/29/2025 22:26:31,101,2000,37,21072,31561,0,0,0,0,0,0,0,0,0,0,0,0,0,0,0,0,2000,12,37,18014469511657539,0,,,2000,37,21072,31620,0,0,0,0,0,0,0,0,0,0,0,0,0,0,0,0,2000,12,37,18014469511657539,0,,
N,0,0,06/29/2025 22:34:24,103,0,20,0,0,0,30000,0,0,0,0,0,0,0,0,0,0,0,0,0,0,0,1,20,18014469511657539,0,,,0,20,41960,1,0,30000,0,0,0,0,0,0,0,0,0,0,0,0,0,0,0,1,20,18014469511657539,0,,
N,0,0,06/29/2025 22:36:21,104,0,3,0,0,0,30000,0,0,0,0,0,0,0,0,0,0,0,0,0,0,1,1,3,18014469511657539,0,,,0,3,41980,1,0,30000,0,0,0,0,0,0,0,0,0,0,0,0,0,0,1,1,3,18014469511657539,0,,
N,0,0,06/29/2025 22:42:17,105,0,4,0,0,0,30000,0,0,0,0,0,0,0,0,0,0,0,0,0,0,1,1,4,18014469511657539,0,,,0,4,41947,1,0,30000,0,0,0,0,0,0,0,0,0,0,0,0,0,0,1,1,4,18014469511657539,0,,
N,0,0,06/29/2025 22:43:35,106,0,7,0,0,0,30000,0,0,0,0,0,0,0,0,0,0,0,0,0,0,1,1,7,18014469511657539,0,,,0,7,41988,1,0,30000,0,0,0,0,0,0,0,0,0,0,0,0,0,0,1,1,7,18014469511657539,0,,
N,0,0,06/29/2025 22:46:49,107,0,8,0,0,0,30000,0,0,0,0,0,0,0,0,0,0,0,0,0,0,1,1,8,18014469511657539,0,,,0,8,41973,1,0,30000,0,0,0,0,0,0,0,0,0,0,0,0,0,0,1,1,8,18014469511657539,0,,
N,0,0,06/29/2025 22:50:59,108,0,9,0,0,0,30000,0,0,0,0,0,0,0,0,0,0,0,0,0,0,1,1,9,18014469511657539,0,,,0,9,44295,1,0,30000,0,0,0,0,0,0,0,0,0,0,0,0,0,0,1,1,9,18014469511657539,0,,
N,0,0,06/29/2025 22:50:59,108,0,10,0,0,0,30000,0,0,0,0,0,0,0,0,0,0,0,0,0,0,1,1,10,18014469511657539,0,,,0,10,41921,1,0,30000,0,0,0,0,0,0,0,0,0,0,0,0,0,0,1,1,10,18014469511657539,0,,
N,0,4,06/29/2025 22:51:38,110,0,0,4650,542,0,30000,0,0,0,0,0,0,0,0,0,0,0,0,0,0,0,1,0,18014469511657539,0,,,0,0,4650,541,0,30000,0,0,0,0,0,0,0,0,0,0,0,0,0,0,0,1,0,18014469511657539,0,,
N,0,1,06/29/2025 22:51:45,111,0,10,41921,1,0,30000,0,0,0,0,0,0,0,0,0,0,0,0,0,0,1,1,10,18014469511657539,0,,,0,10,0,0,0,30000,0,0,0,0,0,0,0,0,0,0,0,0,0,0,1,1,10,18014469511657539,0,,
N,0,4,06/29/2025 22:51:45,111,2000,1,20,154,0,0,0,0,0,0,0,0,0,0,0,0,0,0,0,0,2000,12,1,18014469511657539,0,,,2000,1,20,2133,0,0,0,0,0,0,0,0,0,0,0,0,0,0,0,0,2000,12,1,18014469511657539,0,,
N,0,1,06/29/2025 22:51:45,113,0,20,41960,1,0,30000,0,0,0,0,0,0,0,0,0,0,0,0,0,0,0,1,20,18014469511657539,0,,,0,20,0,0,0,30000,0,0,0,0,0,0,0,0,0,0,0,0,0,0,0,1,20,18014469511657539,0,,
N,0,4,06/29/2025 22:51:45,113,2000,1,20,2133,0,0,0,0,0,0,0,0,0,0,0,0,0,0,0,0,2000,12,1,18014469511657539,0,,,2000,1,20,4112,0,0,0,0,0,0,0,0,0,0,0,0,0,0,0,0,2000,12,1,18014469511657539,0,,
N,0,1,06/29/2025 22:51:46,115,0,4,41947,1,0,30000,0,0,0,0,0,0,0,0,0,0,0,0,0,0,1,1,4,18014469511657539,0,,,0,4,0,0,0,30000,0,0,0,0,0,0,0,0,0,0,0,0,0,0,1,1,4,18014469511657539,0,,
N,0,4,06/29/2025 22:51:46,115,2000,1,20,4112,0,0,0,0,0,0,0,0,0,0,0,0,0,0,0,0,2000,12,1,18014469511657539,0,,,2000,1,20,6091,0,0,0,0,0,0,0,0,0,0,0,0,0,0,0,0,2000,12,1,18014469511657539,0,,
N,0,1,06/29/2025 22:51:47,117,0,8,41973,1,0,30000,0,0,0,0,0,0,0,0,0,0,0,0,0,0,1,1,8,18014469511657539,0,,,0,8,0,0,0,30000,0,0,0,0,0,0,0,0,0,0,0,0,0,0,1,1,8,18014469511657539,0,,
N,0,4,06/29/2025 22:51:47,117,2000,1,20,6091,0,0,0,0,0,0,0,0,0,0,0,0,0,0,0,0,2000,12,1,18014469511657539,0,,,2000,1,20,8070,0,0,0,0,0,0,0,0,0,0,0,0,0,0,0,0,2000,12,1,18014469511657539,0,,
N,0,1,06/29/2025 22:51:47,119,0,3,41980,1,0,30000,0,0,0,0,0,0,0,0,0,0,0,0,0,0,1,1,3,18014469511657539,0,,,0,3,0,0,0,30000,0,0,0,0,0,0,0,0,0,0,0,0,0,0,1,1,3,18014469511657539,0,,
N,0,4,06/29/2025 22:51:47,119,2000,1,20,8070,0,0,0,0,0,0,0,0,0,0,0,0,0,0,0,0,2000,12,1,18014469511657539,0,,,2000,1,20,10049,0,0,0,0,0,0,0,0,0,0,0,0,0,0,0,0,2000,12,1,18014469511657539,0,,
N,0,1,06/29/2025 22:51:48,121,0,7,41988,1,0,30000,0,0,0,0,0,0,0,0,0,0,0,0,0,0,1,1,7,18014469511657539,0,,,0,7,0,0,0,30000,0,0,0,0,0,0,0,0,0,0,0,0,0,0,1,1,7,18014469511657539,0,,
N,0,4,06/29/2025 22:51:48,121,2000,1,20,10049,0,0,0,0,0,0,0,0,0,0,0,0,0,0,0,0,2000,12,1,18014469511657539,0,,,2000,1,20,12028,0,0,0,0,0,0,0,0,0,0,0,0,0,0,0,0,2000,12,1,18014469511657539,0,,
N,0,4,06/29/2025 22:51:51,123,2000,1,20,12028,0,0,0,0,0,0,0,0,0,0,0,0,0,0,0,0,2000,12,1,18014469511657539,0,,,2000,1,20,28,0,0,0,0,0,0,0,0,0,0,0,0,0,0,0,0,2000,12,1,18014469511657539,0,,
N,0,4,06/29/2025 22:51:51,123,2000,37,21072,31620,0,0,0,0,0,0,0,0,0,0,0,0,0,0,0,0,2000,12,37,18014469511657539,0,,,2000,37,21072,31680,0,0,0,0,0,0,0,0,0,0,0,0,0,0,0,0,2000,12,37,18014469511657539,0,,
N,0,0,06/29/2025 22:59:43,125,0,20,0,0,0,30000,0,0,0,0,0,0,0,0,0,0,0,0,0,0,0,1,20,18014469511657539,0,,,0,20,41940,1,0,30000,0,0,0,0,0,0,0,0,0,0,0,0,0,0,0,1,20,18014469511657539,0,,
N,0,0,06/29/2025 23:12:04,126,0,3,0,0,0,30000,0,0,0,0,0,0,0,0,0,0,0,0,0,0,1,1,3,18014469511657539,0,,,0,3,41978,1,0,30000,0,0,0,0,0,0,0,0,0,0,0,0,0,0,1,1,3,18014469511657539,0,,
N,0,0,06/29/2025 23:16:14,127,0,4,0,0,0,30000,0,0,0,0,0,0,0,0,0,0,0,0,0,0,1,1,4,18014469511657539,0,,,0,4,41914,1,0,30000,0,0,0,0,0,0,0,0,0,0,0,0,0,0,1,1,4,18014469511657539,0,,
N,0,4,06/29/2025 23:16:53,128,0,0,4650,541,0,30000,0,0,0,0,0,0,0,0,0,0,0,0,0,0,0,1,0,18014469511657539,0,,,0,0,4650,540,0,30000,0,0,0,0,0,0,0,0,0,0,0,0,0,0,0,1,0,18014469511657539,0,,
N,0,4,06/29/2025 23:17:04,129,2000,0,1,52204461,0,0,0,0,0,0,0,0,0,0,0,0,0,0,0,0,2000,12,0,18014469511657539,0,,,2000,0,1,52203121,0,0,0,0,0,0,0,0,0,0,0,0,0,0,0,0,2000,12,0,18014469511657539,0,,
N,0,4,06/29/2025 23:17:16,130,2000,0,1,52203121,0,0,0,0,0,0,0,0,0,0,0,0,0,0,0,0,2000,12,0,18014469511657539,0,,,2000,0,1,52198938,0,0,0,0,0,0,0,0,0,0,0,0,0,0,0,0,2000,12,0,18014469511657539,0,,
N,0,4,06/29/2025 23:17:23,131,2000,0,1,52198938,0,0,0,0,0,0,0,0,0,0,0,0,0,0,0,0,2000,12,0,18014469511657539,0,,,2000,0,1,52197598,0,0,0,0,0,0,0,0,0,0,0,0,0,0,0,0,2000,12,0,18014469511657539,0,,
N,0,1,06/29/2025 23:17:53,132,0,4,41914,1,0,30000,0,0,0,0,0,0,0,0,0,0,0,0,0,0,1,1,4,18014469511657539,0,,,0,4,0,0,0,30000,0,0,0,0,0,0,0,0,0,0,0,0,0,0,1,1,4,18014469511657539,0,,
N,0,4,06/29/2025 23:17:53,132,2000,1,20,28,0,0,0,0,0,0,0,0,0,0,0,0,0,0,0,0,2000,12,1,18014469511657539,0,,,2000,1,20,2007,0,0,0,0,0,0,0,0,0,0,0,0,0,0,0,0,2000,12,1,18014469511657539,0,,
N,0,1,06/29/2025 23:17:53,134,0,20,41940,1,0,30000,0,0,0,0,0,0,0,0,0,0,0,0,0,0,0,1,20,18014469511657539,0,,,0,20,0,0,0,30000,0,0,0,0,0,0,0,0,0,0,0,0,0,0,0,1,20,18014469511657539,0,,
N,0,4,06/29/2025 23:17:53,134,2000,1,20,2007,0,0,0,0,0,0,0,0,0,0,0,0,0,0,0,0,2000,12,1,18014469511657539,0,,,2000,1,20,3986,0,0,0,0,0,0,0,0,0,0,0,0,0,0,0,0,2000,12,1,18014469511657539,0,,
N,0,1,06/29/2025 23:17:54,136,0,3,41978,1,0,30000,0,0,0,0,0,0,0,0,0,0,0,0,0,0,1,1,3,18014469511657539,0,,,0,3,0,0,0,30000,0,0,0,0,0,0,0,0,0,0,0,0,0,0,1,1,3,18014469511657539,0,,
N,0,4,06/29/2025 23:17:55,137,2000,1,20,3986,0,0,0,0,0,0,0,0,0,0,0,0,0,0,0,0,2000,12,1,18014469511657539,0,,,2000,1,20,5965,0,0,0,0,0,0,0,0,0,0,0,0,0,0,0,0,2000,12,1,18014469511657539,0,,
N,0,4,06/29/2025 23:17:58,138,2000,1,20,5965,0,0,0,0,0,0,0,0,0,0,0,0,0,0,0,0,2000,12,1,18014469511657539,0,,,2000,1,20,165,0,0,0,0,0,0,0,0,0,0,0,0,0,0,0,0,2000,12,1,18014469511657539,0,,
N,0,4,06/29/2025 23:17:58,138,2000,37,21072,31680,0,0,0,0,0,0,0,0,0,0,0,0,0,0,0,0,2000,12,37,18014469511657539,0,,,2000,37,21072,31709,0,0,0,0,0,0,0,0,0,0,0,0,0,0,0,0,2000,12,37,18014469511657539,0,,
N,0,0,06/29/2025 23:29:05,140,0,20,0,0,0,30000,0,0,0,0,0,0,0,0,0,0,0,0,0,0,0,1,20,18014469511657539,0,,,0,20,42136,1,0,30000,0,0,0,0,0,0,0,0,0,0,0,0,0,0,0,1,20,18014469511657539,0,,
N,0,0,06/29/2025 23:29:17,141,0,3,0,0,0,30000,0,0,0,0,0,0,0,0,0,0,0,0,0,0,1,1,3,18014469511657539,0,,,0,3,42127,1,0,30000,0,0,0,0,0,0,0,0,0,0,0,0,0,0,1,1,3,18014469511657539,0,,
N,0,0,06/29/2025 23:34:48,142,0,4,0,0,0,30000,0,0,0,0,0,0,0,0,0,0,0,0,0,0,1,1,4,18014469511657539,0,,,0,4,42096,1,0,30000,0,0,0,0,0,0,0,0,0,0,0,0,0,0,1,1,4,18014469511657539,0,,
N,0,0,06/29/2025 23:37:14,143,0,7,0,0,0,30000,0,0,0,0,0,0,0,0,0,0,0,0,0,0,1,1,7,18014469511657539,0,,,0,7,42139,1,0,30000,0,0,0,0,0,0,0,0,0,0,0,0,0,0,1,1,7,18014469511657539,0,,
N,0,0,06/29/2025 23:39:36,144,0,8,0,0,0,30000,0,0,0,0,0,0,0,0,0,0,0,0,0,0,1,1,8,18014469511657539,0,,,0,8,42124,1,0,30000,0,0,0,0,0,0,0,0,0,0,0,0,0,0,1,1,8,18014469511657539,0,,
N,0,0,06/29/2025 23:47:55,145,0,10,0,0,0,30000,0,0,0,0,0,0,0,0,0,0,0,0,0,0,1,1,10,18014469511657539,0,,,0,10,42143,1,0,30000,0,0,0,0,0,0,0,0,0,0,0,0,0,0,1,1,10,18014469511657539,0,,
N,0,0,06/29/2025 23:48:00,146,0,11,0,0,0,30000,0,0,0,0,0,0,0,0,0,0,0,0,0,0,1,1,11,18014469511657539,0,,,0,11,42105,1,0,30000,0,0,0,0,0,0,0,0,0,0,0,0,0,0,1,1,11,18014469511657539,0,,
N,0,0,06/29/2025 23:48:00,146,1,12,0,0,0,30000,0,0,0,0,0,0,0,0,0,0,0,0,0,0,1,1,12,18014469511657539,0,,,1,12,42068,1,0,30000,0,0,0,0,0,0,0,0,0,0,0,0,0,0,1,1,12,18014469511657539,0,,
N,0,4,06/29/2025 23:48:18,148,0,0,4650,540,0,30000,0,0,0,0,0,0,0,0,0,0,0,0,0,0,0,1,0,18014469511657539,0,,,0,0,4650,539,0,30000,0,0,0,0,0,0,0,0,0,0,0,0,0,0,0,1,0,18014469511657539,0,,
N,0,1,06/29/2025 23:48:25,149,1,12,42068,1,0,30000,0,0,0,0,0,0,0,0,0,0,0,0,0,0,1,1,12,18014469511657539,0,,,1,12,0,0,0,30000,0,0,0,0,0,0,0,0,0,0,0,0,0,0,1,1,12,18014469511657539,0,,
N,0,4,06/29/2025 23:48:25,149,2000,1,20,165,0,0,0,0,0,0,0,0,0,0,0,0,0,0,0,0,2000,12,1,18014469511657539,0,,,2000,1,20,2160,0,0,0,0,0,0,0,0,0,0,0,0,0,0,0,0,2000,12,1,18014469511657539,0,,
N,0,1,06/29/2025 23:48:26,151,0,11,42105,1,0,30000,0,0,0,0,0,0,0,0,0,0,0,0,0,0,1,1,11,18014469511657539,0,,,0,11,0,0,0,30000,0,0,0,0,0,0,0,0,0,0,0,0,0,0,1,1,11,18014469511657539,0,,
N,0,4,06/29/2025 23:48:26,151,2000,1,20,2160,0,0,0,0,0,0,0,0,0,0,0,0,0,0,0,0,2000,12,1,18014469511657539,0,,,2000,1,20,4155,0,0,0,0,0,0,0,0,0,0,0,0,0,0,0,0,2000,12,1,18014469511657539,0,,
N,0,1,06/29/2025 23:48:26,153,0,4,42096,1,0,30000,0,0,0,0,0,0,0,0,0,0,0,0,0,0,1,1,4,18014469511657539,0,,,0,4,0,0,0,30000,0,0,0,0,0,0,0,0,0,0,0,0,0,0,1,1,4,18014469511657539,0,,
N,0,4,06/29/2025 23:48:26,153,2000,1,20,4155,0,0,0,0,0,0,0,0,0,0,0,0,0,0,0,0,2000,12,1,18014469511657539,0,,,2000,1,20,6150,0,0,0,0,0,0,0,0,0,0,0,0,0,0,0,0,2000,12,1,18014469511657539,0,,
N,0,1,06/29/2025 23:48:27,155,0,8,42124,1,0,30000,0,0,0,0,0,0,0,0,0,0,0,0,0,0,1,1,8,18014469511657539,0,,,0,8,0,0,0,30000,0,0,0,0,0,0,0,0,0,0,0,0,0,0,1,1,8,18014469511657539,0,,
N,0,4,06/29/2025 23:48:27,155,2000,1,20,6150,0,0,0,0,0,0,0,0,0,0,0,0,0,0,0,0,2000,12,1,18014469511657539,0,,,2000,1,20,8145,0,0,0,0,0,0,0,0,0,0,0,0,0,0,0,0,2000,12,1,18014469511657539,0,,
N,0,1,06/29/2025 23:48:28,157,0,3,42127,1,0,30000,0,0,0,0,0,0,0,0,0,0,0,0,0,0,1,1,3,18014469511657539,0,,,0,3,0,0,0,30000,0,0,0,0,0,0,0,0,0,0,0,0,0,0,1,1,3,18014469511657539,0,,
N,0,4,06/29/2025 23:48:28,157,2000,1,20,8145,0,0,0,0,0,0,0,0,0,0,0,0,0,0,0,0,2000,12,1,18014469511657539,0,,,2000,1,20,10140,0,0,0,0,0,0,0,0,0,0,0,0,0,0,0,0,2000,12,1,18014469511657539,0,,
N,0,1,06/29/2025 23:48:28,159,0,20,42136,1,0,30000,0,0,0,0,0,0,0,0,0,0,0,0,0,0,0,1,20,18014469511657539,0,,,0,20,0,0,0,30000,0,0,0,0,0,0,0,0,0,0,0,0,0,0,0,1,20,18014469511657539,0,,
N,0,4,06/29/2025 23:48:28,159,2000,1,20,10140,0,0,0,0,0,0,0,0,0,0,0,0,0,0,0,0,2000,12,1,18014469511657539,0,,,2000,1,20,12135,0,0,0,0,0,0,0,0,0,0,0,0,0,0,0,0,2000,12,1,18014469511657539,0,,
N,0,1,06/29/2025 23:48:29,161,0,7,42139,1,0,30000,0,0,0,0,0,0,0,0,0,0,0,0,0,0,1,1,7,18014469511657539,0,,,0,7,0,0,0,30000,0,0,0,0,0,0,0,0,0,0,0,0,0,0,1,1,7,18014469511657539,0,,
N,0,4,06/29/2025 23:48:29,161,2000,1,20,12135,0,0,0,0,0,0,0,0,0,0,0,0,0,0,0,0,2000,12,1,18014469511657539,0,,,2000,1,20,14130,0,0,0,0,0,0,0,0,0,0,0,0,0,0,0,0,2000,12,1,18014469511657539,0,,
N,0,4,06/29/2025 23:48:32,163,2000,1,20,14130,0,0,0,0,0,0,0,0,0,0,0,0,0,0,0,0,2000,12,1,18014469511657539,0,,,2000,1,20,130,0,0,0,0,0,0,0,0,0,0,0,0,0,0,0,0,2000,12,1,18014469511657539,0,,
N,0,4,06/29/2025 23:48:32,163,2000,37,21072,31709,0,0,0,0,0,0,0,0,0,0,0,0,0,0,0,0,2000,12,37,18014469511657539,0,,,2000,37,21072,31779,0,0,0,0,0,0,0,0,0,0,0,0,0,0,0,0,2000,12,37,18014469511657539,0,,
N,0,0,06/29/2025 23:59:34,165,0,20,0,0,0,30000,0,0,0,0,0,0,0,0,0,0,0,0,0,0,0,1,20,18014469511657539,0,,,0,20,42135,1,0,30000,0,0,0,0,0,0,0,0,0,0,0,0,0,0,0,1,20,18014469511657539,0,,
N,0,0,06/30/2025 00:05:11,166,0,3,0,0,0,30000,0,0,0,0,0,0,0,0,0,0,0,0,0,0,1,1,3,18014469511657539,0,,,0,3,42096,1,0,30000,0,0,0,0,0,0,0,0,0,0,0,0,0,0,1,1,3,18014469511657539,0,,
N,0,0,06/30/2025 00:07:37,167,0,4,0,0,0,30000,0,0,0,0,0,0,0,0,0,0,0,0,0,0,1,1,4,18014469511657539,0,,,0,4,42139,1,0,30000,0,0,0,0,0,0,0,0,0,0,0,0,0,0,1,1,4,18014469511657539,0,,
N,0,0,06/30/2025 00:09:57,168,0,7,0,0,0,30000,0,0,0,0,0,0,0,0,0,0,0,0,0,0,1,1,7,18014469511657539,0,,,0,7,42132,1,0,30000,0,0,0,0,0,0,0,0,0,0,0,0,0,0,1,1,7,18014469511657539,0,,
N,0,0,06/30/2025 00:20:08,169,0,8,0,0,0,30000,0,0,0,0,0,0,0,0,0,0,0,0,0,0,1,1,8,18014469511657539,0,,,0,8,42133,1,0,30000,0,0,0,0,0,0,0,0,0,0,0,0,0,0,1,1,8,18014469511657539,0,,
N,0,0,06/30/2025 00:20:12,170,0,10,0,0,0,30000,0,0,0,0,0,0,0,0,0,0,0,0,0,0,1,1,10,18014469511657539,0,,,0,10,42095,1,0,30000,0,0,0,0,0,0,0,0,0,0,0,0,0,0,1,1,10,18014469511657539,0,,
N,0,0,06/30/2025 00:20:12,170,0,11,0,0,0,30000,0,0,0,0,0,0,0,0,0,0,0,0,0,0,1,1,11,18014469511657539,0,,,0,11,42085,1,0,30000,0,0,0,0,0,0,0,0,0,0,0,0,0,0,1,1,11,18014469511657539,0,,
N,0,4,06/30/2025 00:20:31,172,0,0,4650,539,0,30000,0,0,0,0,0,0,0,0,0,0,0,0,0,0,0,1,0,18014469511657539,0,,,0,0,4650,538,0,30000,0,0,0,0,0,0,0,0,0,0,0,0,0,0,0,1,0,18014469511657539,0,,
N,0,1,06/30/2025 00:20:37,173,0,11,42085,1,0,30000,0,0,0,0,0,0,0,0,0,0,0,0,0,0,1,1,11,18014469511657539,0,,,0,11,0,0,0,30000,0,0,0,0,0,0,0,0,0,0,0,0,0,0,1,1,11,18014469511657539,0,,
N,0,4,06/30/2025 00:20:37,173,2000,1,20,130,0,0,0,0,0,0,0,0,0,0,0,0,0,0,0,0,2000,12,1,18014469511657539,0,,,2000,1,20,2125,0,0,0,0,0,0,0,0,0,0,0,0,0,0,0,0,2000,12,1,18014469511657539,0,,
N,0,1,06/30/2025 00:20:38,175,0,10,42095,1,0,30000,0,0,0,0,0,0,0,0,0,0,0,0,0,0,1,1,10,18014469511657539,0,,,0,10,0,0,0,30000,0,0,0,0,0,0,0,0,0,0,0,0,0,0,1,1,10,18014469511657539,0,,
N,0,4,06/30/2025 00:20:38,175,2000,1,20,2125,0,0,0,0,0,0,0,0,0,0,0,0,0,0,0,0,2000,12,1,18014469511657539,0,,,2000,1,20,4120,0,0,0,0,0,0,0,0,0,0,0,0,0,0,0,0,2000,12,1,18014469511657539,0,,
N,0,1,06/30/2025 00:20:38,177,0,3,42096,1,0,30000,0,0,0,0,0,0,0,0,0,0,0,0,0,0,1,1,3,18014469511657539,0,,,0,3,0,0,0,30000,0,0,0,0,0,0,0,0,0,0,0,0,0,0,1,1,3,18014469511657539,0,,
N,0,4,06/30/2025 00:20:38,177,2000,1,20,4120,0,0,0,0,0,0,0,0,0,0,0,0,0,0,0,0,2000,12,1,18014469511657539,0,,,2000,1,20,6115,0,0,0,0,0,0,0,0,0,0,0,0,0,0,0,0,2000,12,1,18014469511657539,0,,
N,0,1,06/30/2025 00:20:39,179,0,7,42132,1,0,30000,0,0,0,0,0,0,0,0,0,0,0,0,0,0,1,1,7,18014469511657539,0,,,0,7,0,0,0,30000,0,0,0,0,0,0,0,0,0,0,0,0,0,0,1,1,7,18014469511657539,0,,
N,0,4,06/30/2025 00:20:39,179,2000,1,20,6115,0,0,0,0,0,0,0,0,0,0,0,0,0,0,0,0,2000,12,1,18014469511657539,0,,,2000,1,20,8110,0,0,0,0,0,0,0,0,0,0,0,0,0,0,0,0,2000,12,1,18014469511657539,0,,
N,0,1,06/30/2025 00:20:40,181,0,20,42135,1,0,30000,0,0,0,0,0,0,0,0,0,0,0,0,0,0,0,1,20,18014469511657539,0,,,0,20,0,0,0,30000,0,0,0,0,0,0,0,0,0,0,0,0,0,0,0,1,20,18014469511657539,0,,
N,0,4,06/30/2025 00:20:40,181,2000,1,20,8110,0,0,0,0,0,0,0,0,0,0,0,0,0,0,0,0,2000,12,1,18014469511657539,0,,,2000,1,20,10105,0,0,0,0,0,0,0,0,0,0,0,0,0,0,0,0,2000,12,1,18014469511657539,0,,
N,0,1,06/30/2025 00:20:40,183,0,4,42139,1,0,30000,0,0,0,0,0,0,0,0,0,0,0,0,0,0,1,1,4,18014469511657539,0,,,0,4,0,0,0,30000,0,0,0,0,0,0,0,0,0,0,0,0,0,0,1,1,4,18014469511657539,0,,
N,0,4,06/30/2025 00:20:40,183,2000,1,20,10105,0,0,0,0,0,0,0,0,0,0,0,0,0,0,0,0,2000,12,1,18014469511657539,0,,,2000,1,20,12100,0,0,0,0,0,0,0,0,0,0,0,0,0,0,0,0,2000,12,1,18014469511657539,0,,
N,0,4,06/30/2025 00:20:43,185,2000,1,20,12100,0,0,0,0,0,0,0,0,0,0,0,0,0,0,0,0,2000,12,1,18014469511657539,0,,,2000,1,20,100,0,0,0,0,0,0,0,0,0,0,0,0,0,0,0,0,2000,12,1,18014469511657539,0,,
N,0,4,06/30/2025 00:20:43,185,2000,37,21072,31779,0,0,0,0,0,0,0,0,0,0,0,0,0,0,0,0,2000,12,37,18014469511657539,0,,,2000,37,21072,31839,0,0,0,0,0,0,0,0,0,0,0,0,0,0,0,0,2000,12,37,18014469511657539,0,,
N,0,0,06/30/2025 00:28:32,187,0,20,0,0,0,30000,0,0,0,0,0,0,0,0,0,0,0,0,0,0,0,1,20,18014469511657539,0,,,0,20,42113,1,0,30000,0,0,0,0,0,0,0,0,0,0,0,0,0,0,0,1,20,18014469511657539,0,,
N,0,0,06/30/2025 00:31:16,188,0,3,0,0,0,30000,0,0,0,0,0,0,0,0,0,0,0,0,0,0,1,1,3,18014469511657539,0,,,0,3,42139,1,0,30000,0,0,0,0,0,0,0,0,0,0,0,0,0,0,1,1,3,18014469511657539,0,,
N,0,0,06/30/2025 00:31:28,189,0,4,0,0,0,30000,0,0,0,0,0,0,0,0,0,0,0,0,0,0,1,1,4,18014469511657539,0,,,0,4,42132,1,0,30000,0,0,0,0,0,0,0,0,0,0,0,0,0,0,1,1,4,18014469511657539,0,,
N,0,0,06/30/2025 00:36:41,190,0,7,0,0,0,30000,0,0,0,0,0,0,0,0,0,0,0,0,0,0,1,1,7,18014469511657539,0,,,0,7,42122,1,0,30000,0,0,0,0,0,0,0,0,0,0,0,0,0,0,1,1,7,18014469511657539,0,,
N,0,0,06/30/2025 00:39:09,191,0,8,0,0,0,30000,0,0,0,0,0,0,0,0,0,0,0,0,0,0,1,1,8,18014469511657539,0,,,0,8,42135,1,0,30000,0,0,0,0,0,0,0,0,0,0,0,0,0,0,1,1,8,18014469511657539,0,,
N,0,0,06/30/2025 00:41:27,192,0,10,0,0,0,30000,0,0,0,0,0,0,0,0,0,0,0,0,0,0,1,1,10,18014469511657539,0,,,0,10,42125,1,0,30000,0,0,0,0,0,0,0,0,0,0,0,0,0,0,1,1,10,18014469511657539,0,,
N,0,0,06/30/2025 00:54:39,193,0,11,0,0,0,30000,0,0,0,0,0,0,0,0,0,0,0,0,0,0,1,1,11,18014469511657539,0,,,0,11,42081,1,0,30000,0,0,0,0,0,0,0,0,0,0,0,0,0,0,1,1,11,18014469511657539,0,,
N,0,0,06/30/2025 00:54:44,194,1,12,0,0,0,30000,0,0,0,0,0,0,0,0,0,0,0,0,0,0,1,1,12,18014469511657539,0,,,1,12,44236,1,0,30000,0,0,0,0,0,0,0,0,0,0,0,0,0,0,1,1,12,18014469511657539,0,,
N,0,0,06/30/2025 00:54:44,194,1,13,0,0,0,30000,0,0,0,0,0,0,0,0,0,0,0,0,0,0,1,1,13,18014469511657539,0,,,1,13,44933,1,0,30000,0,0,0,0,0,0,0,0,0,0,0,0,0,0,1,1,13,18014469511657539,0,,
N,0,0,06/30/2025 00:54:44,194,1,14,0,0,0,30000,0,0,0,0,0,0,0,0,0,0,0,0,0,0,1,1,14,18014469511657539,0,,,1,14,42120,1,0,30000,0,0,0,0,0,0,0,0,0,0,0,0,0,0,1,1,14,18014469511657539,0,,
N,0,4,06/30/2025 00:55:02,197,0,0,4650,538,0,30000,0,0,0,0,0,0,0,0,0,0,0,0,0,0,0,1,0,18014469511657539,0,,,0,0,4650,537,0,30000,0,0,0,0,0,0,0,0,0,0,0,0,0,0,0,1,0,18014469511657539,0,,
N,0,1,06/30/2025 00:55:13,198,1,14,42120,1,0,30000,0,0,0,0,0,0,0,0,0,0,0,0,0,0,1,1,14,18014469511657539,0,,,1,14,0,0,0,30000,0,0,0,0,0,0,0,0,0,0,0,0,0,0,1,1,14,18014469511657539,0,,
N,0,4,06/30/2025 00:55:13,198,2000,1,20,100,0,0,0,0,0,0,0,0,0,0,0,0,0,0,0,0,2000,12,1,18014469511657539,0,,,2000,1,20,2095,0,0,0,0,0,0,0,0,0,0,0,0,0,0,0,0,2000,12,1,18014469511657539,0,,
N,0,1,06/30/2025 00:55:14,200,0,7,42122,1,0,30000,0,0,0,0,0,0,0,0,0,0,0,0,0,0,1,1,7,18014469511657539,0,,,0,7,0,0,0,30000,0,0,0,0,0,0,0,0,0,0,0,0,0,0,1,1,7,18014469511657539,0,,
N,0,4,06/30/2025 00:55:14,200,2000,1,20,2095,0,0,0,0,0,0,0,0,0,0,0,0,0,0,0,0,2000,12,1,18014469511657539,0,,,2000,1,20,4090,0,0,0,0,0,0,0,0,0,0,0,0,0,0,0,0,2000,12,1,18014469511657539,0,,
N,0,1,06/30/2025 00:55:15,202,0,20,42113,1,0,30000,0,0,0,0,0,0,0,0,0,0,0,0,0,0,0,1,20,18014469511657539,0,,,0,20,0,0,0,30000,0,0,0,0,0,0,0,0,0,0,0,0,0,0,0,1,20,18014469511657539,0,,
N,0,4,06/30/2025 00:55:15,202,2000,1,20,4090,0,0,0,0,0,0,0,0,0,0,0,0,0,0,0,0,2000,12,1,18014469511657539,0,,,2000,1,20,6085,0,0,0,0,0,0,0,0,0,0,0,0,0,0,0,0,2000,12,1,18014469511657539,0,,
N,0,1,06/30/2025 00:55:15,204,0,10,42125,1,0,30000,0,0,0,0,0,0,0,0,0,0,0,0,0,0,1,1,10,18014469511657539,0,,,0,10,0,0,0,30000,0,0,0,0,0,0,0,0,0,0,0,0,0,0,1,1,10,18014469511657539,0,,
N,0,4,06/30/2025 00:55:15,204,2000,1,20,6085,0,0,0,0,0,0,0,0,0,0,0,0,0,0,0,0,2000,12,1,18014469511657539,0,,,2000,1,20,8080,0,0,0,0,0,0,0,0,0,0,0,0,0,0,0,0,2000,12,1,18014469511657539,0,,
N,0,1,06/30/2025 00:55:16,206,0,4,42132,1,0,30000,0,0,0,0,0,0,0,0,0,0,0,0,0,0,1,1,4,18014469511657539,0,,,0,4,0,0,0,30000,0,0,0,0,0,0,0,0,0,0,0,0,0,0,1,1,4,18014469511657539,0,,
N,0,4,06/30/2025 00:55:16,206,2000,1,20,8080,0,0,0,0,0,0,0,0,0,0,0,0,0,0,0,0,2000,12,1,18014469511657539,0,,,2000,1,20,10075,0,0,0,0,0,0,0,0,0,0,0,0,0,0,0,0,2000,12,1,18014469511657539,0,,
N,0,1,06/30/2025 00:55:17,208,0,8,42135,1,0,30000,0,0,0,0,0,0,0,0,0,0,0,0,0,0,1,1,8,18014469511657539,0,,,0,8,0,0,0,30000,0,0,0,0,0,0,0,0,0,0,0,0,0,0,1,1,8,18014469511657539,0,,
N,0,4,06/30/2025 00:55:17,208,2000,1,20,10075,0,0,0,0,0,0,0,0,0,0,0,0,0,0,0,0,2000,12,1,18014469511657539,0,,,2000,1,20,12070,0,0,0,0,0,0,0,0,0,0,0,0,0,0,0,0,2000,12,1,18014469511657539,0,,
N,0,1,06/30/2025 00:55:17,210,0,3,42139,1,0,30000,0,0,0,0,0,0,0,0,0,0,0,0,0,0,1,1,3,18014469511657539,0,,,0,3,0,0,0,30000,0,0,0,0,0,0,0,0,0,0,0,0,0,0,1,1,3,18014469511657539,0,,
N,0,4,06/30/2025 00:55:17,210,2000,1,20,12070,0,0,0,0,0,0,0,0,0,0,0,0,0,0,0,0,2000,12,1,18014469511657539,0,,,2000,1,20,14065,0,0,0,0,0,0,0,0,0,0,0,0,0,0,0,0,2000,12,1,18014469511657539,0,,
N,0,4,06/30/2025 00:55:20,212,2000,1,20,14065,0,0,0,0,0,0,0,0,0,0,0,0,0,0,0,0,2000,12,1,18014469511657539,0,,,2000,1,20,65,0,0,0,0,0,0,0,0,0,0,0,0,0,0,0,0,2000,12,1,18014469511657539,0,,
N,0,4,06/30/2025 00:55:20,212,2000,37,21072,31839,0,0,0,0,0,0,0,0,0,0,0,0,0,0,0,0,2000,12,37,18014469511657539,0,,,2000,37,21072,31909,0,0,0,0,0,0,0,0,0,0,0,0,0,0,0,0,2000,12,37,18014469511657539,0,,
N,0,0,06/30/2025 01:05:54,214,0,20,0,0,0,30000,0,0,0,0,0,0,0,0,0,0,0,0,0,0,0,1,20,18014469511657539,0,,,0,20,42137,1,0,30000,0,0,0,0,0,0,0,0,0,0,0,0,0,0,0,1,20,18014469511657539,0,,
N,0,0,06/30/2025 01:06:05,215,0,3,0,0,0,30000,0,0,0,0,0,0,0,0,0,0,0,0,0,0,1,1,3,18014469511657539,0,,,0,3,42129,1,0,30000,0,0,0,0,0,0,0,0,0,0,0,0,0,0,1,1,3,18014469511657539,0,,
N,0,0,06/30/2025 01:11:21,216,0,4,0,0,0,30000,0,0,0,0,0,0,0,0,0,0,0,0,0,0,1,1,4,18014469511657539,0,,,0,4,42097,1,0,30000,0,0,0,0,0,0,0,0,0,0,0,0,0,0,1,1,4,18014469511657539,0,,
N,0,0,06/30/2025 01:13:41,217,0,7,0,0,0,30000,0,0,0,0,0,0,0,0,0,0,0,0,0,0,1,1,7,18014469511657539,0,,,0,7,42140,1,0,30000,0,0,0,0,0,0,0,0,0,0,0,0,0,0,1,1,7,18014469511657539,0,,
N,0,0,06/30/2025 01:16:06,218,0,8,0,0,0,30000,0,0,0,0,0,0,0,0,0,0,0,0,0,0,1,1,8,18014469511657539,0,,,0,8,42125,1,0,30000,0,0,0,0,0,0,0,0,0,0,0,0,0,0,1,1,8,18014469511657539,0,,
N,0,0,06/30/2025 01:21:13,219,0,10,0,0,0,30000,0,0,0,0,0,0,0,0,0,0,0,0,0,0,1,1,10,18014469511657539,0,,,0,10,42120,1,0,30000,0,0,0,0,0,0,0,0,0,0,0,0,0,0,1,1,10,18014469511657539,0,,
N,0,0,06/30/2025 01:21:18,220,0,11,0,0,0,30000,0,0,0,0,0,0,0,0,0,0,0,0,0,0,1,1,11,18014469511657539,0,,,0,11,42084,1,0,30000,0,0,0,0,0,0,0,0,0,0,0,0,0,0,1,1,11,18014469511657539,0,,
N,0,4,06/30/2025 01:21:36,221,0,0,4650,537,0,30000,0,0,0,0,0,0,0,0,0,0,0,0,0,0,0,1,0,18014469511657539,0,,,0,0,4650,536,0,30000,0,0,0,0,0,0,0,0,0,0,0,0,0,0,0,1,0,18014469511657539,0,,
N,0,1,06/30/2025 01:21:47,222,0,11,42084,1,0,30000,0,0,0,0,0,0,0,0,0,0,0,0,0,0,1,1,11,18014469511657539,0,,,0,11,0,0,0,30000,0,0,0,0,0,0,0,0,0,0,0,0,0,0,1,1,11,18014469511657539,0,,
N,0,4,06/30/2025 01:21:47,222,2000,1,20,65,0,0,0,0,0,0,0,0,0,0,0,0,0,0,0,0,2000,12,1,18014469511657539,0,,,2000,1,20,2060,0,0,0,0,0,0,0,0,0,0,0,0,0,0,0,0,2000,12,1,18014469511657539,0,,
N,0,1,06/30/2025 01:21:47,224,0,10,42120,1,0,30000,0,0,0,0,0,0,0,0,0,0,0,0,0,0,1,1,10,18014469511657539,0,,,0,10,0,0,0,30000,0,0,0,0,0,0,0,0,0,0,0,0,0,0,1,1,10,18014469511657539,0,,
N,0,4,06/30/2025 01:21:47,224,2000,1,20,2060,0,0,0,0,0,0,0,0,0,0,0,0,0,0,0,0,2000,12,1,18014469511657539,0,,,2000,1,20,4055,0,0,0,0,0,0,0,0,0,0,0,0,0,0,0,0,2000,12,1,18014469511657539,0,,
N,0,1,06/30/2025 01:21:48,226,0,4,42097,1,0,30000,0,0,0,0,0,0,0,0,0,0,0,0,0,0,1,1,4,18014469511657539,0,,,0,4,0,0,0,30000,0,0,0,0,0,0,0,0,0,0,0,0,0,0,1,1,4,18014469511657539,0,,
N,0,4,06/30/2025 01:21:48,226,2000,1,20,4055,0,0,0,0,0,0,0,0,0,0,0,0,0,0,0,0,2000,12,1,18014469511657539,0,,,2000,1,20,6050,0,0,0,0,0,0,0,0,0,0,0,0,0,0,0,0,2000,12,1,18014469511657539,0,,
N,0,1,06/30/2025 01:21:49,228,0,8,42125,1,0,30000,0,0,0,0,0,0,0,0,0,0,0,0,0,0,1,1,8,18014469511657539,0,,,0,8,0,0,0,30000,0,0,0,0,0,0,0,0,0,0,0,0,0,0,1,1,8,18014469511657539,0,,
N,0,4,06/30/2025 01:21:49,228,2000,1,20,6050,0,0,0,0,0,0,0,0,0,0,0,0,0,0,0,0,2000,12,1,18014469511657539,0,,,2000,1,20,8045,0,0,0,0,0,0,0,0,0,0,0,0,0,0,0,0,2000,12,1,18014469511657539,0,,
N,0,1,06/30/2025 01:21:49,230,0,3,42129,1,0,30000,0,0,0,0,0,0,0,0,0,0,0,0,0,0,1,1,3,18014469511657539,0,,,0,3,0,0,0,30000,0,0,0,0,0,0,0,0,0,0,0,0,0,0,1,1,3,18014469511657539,0,,
N,0,4,06/30/2025 01:21:49,230,2000,1,20,8045,0,0,0,0,0,0,0,0,0,0,0,0,0,0,0,0,2000,12,1,18014469511657539,0,,,2000,1,20,10040,0,0,0,0,0,0,0,0,0,0,0,0,0,0,0,0,2000,12,1,18014469511657539,0,,
N,0,1,06/30/2025 01:21:50,232,0,20,42137,1,0,30000,0,0,0,0,0,0,0,0,0,0,0,0,0,0,0,1,20,18014469511657539,0,,,0,20,0,0,0,30000,0,0,0,0,0,0,0,0,0,0,0,0,0,0,0,1,20,18014469511657539,0,,
N,0,4,06/30/2025 01:21:50,232,2000,1,20,10040,0,0,0,0,0,0,0,0,0,0,0,0,0,0,0,0,2000,12,1,18014469511657539,0,,,2000,1,20,12035,0,0,0,0,0,0,0,0,0,0,0,0,0,0,0,0,2000,12,1,18014469511657539,0,,
N,0,1,06/30/2025 01:21:51,234,0,7,42140,1,0,30000,0,0,0,0,0,0,0,0,0,0,0,0,0,0,1,1,7,18014469511657539,0,,,0,7,0,0,0,30000,0,0,0,0,0,0,0,0,0,0,0,0,0,0,1,1,7,18014469511657539,0,,
N,0,4,06/30/2025 01:21:51,234,2000,1,20,12035,0,0,0,0,0,0,0,0,0,0,0,0,0,0,0,0,2000,12,1,18014469511657539,0,,,2000,1,20,14030,0,0,0,0,0,0,0,0,0,0,0,0,0,0,0,0,2000,12,1,18014469511657539,0,,
N,0,4,06/30/2025 01:21:54,236,2000,1,20,14030,0,0,0,0,0,0,0,0,0,0,0,0,0,0,0,0,2000,12,1,18014469511657539,0,,,2000,1,20,30,0,0,0,0,0,0,0,0,0,0,0,0,0,0,0,0,2000,12,1,18014469511657539,0,,
N,0,4,06/30/2025 01:21:54,236,2000,37,21072,31909,0,0,0,0,0,0,0,0,0,0,0,0,0,0,0,0,2000,12,37,18014469511657539,0,,,2000,37,21072,31979,0,0,0,0,0,0,0,0,0,0,0,0,0,0,0,0,2000,12,37,18014469511657539,0,,
N,0,0,06/30/2025 01:34:57,238,0,20,0,0,0,30000,0,0,0,0,0,0,0,0,0,0,0,0,0,0,0,1,20,18014469511657539,0,,,0,20,18137,1,0,30000,0,0,0,0,0,0,0,0,0,0,0,0,0,0,0,1,20,18014469511657539,0,,
N,0,0,06/30/2025 01:34:57,238,0,3,0,0,0,30000,0,0,0,0,0,0,0,0,0,0,0,0,0,0,1,1,3,18014469511657539,0,,,0,3,18179,1,0,30000,0,0,0,0,0,0,0,0,0,0,0,0,0,0,1,1,3,18014469511657539,0,,
N,0,4,06/30/2025 01:35:14,240,2001,11,13,498,0,30000,0,0,0,0,0,0,0,0,0,0,0,0,0,0,2001,13,11,18014469511657539,0,,,2001,11,13,510,0,30000,0,0,0,0,0,0,0,0,0,0,0,0,0,0,2001,13,11,18014469511657539,0,,
N,0,0,06/30/2025 01:37:09,241,0,4,0,0,0,30000,0,0,0,0,0,0,0,0,0,0,0,0,0,0,1,1,4,18014469511657539,0,,,0,4,18177,1,0,30000,0,0,0,0,0,0,0,0,0,0,0,0,0,0,1,1,4,18014469511657539,0,,
N,0,0,06/30/2025 01:40:49,242,0,7,0,0,0,30000,0,0,0,0,0,0,0,0,0,0,0,0,0,0,1,1,7,18014469511657539,0,,,0,7,18157,1,0,30000,0,0,0,0,0,0,0,0,0,0,0,0,0,0,1,1,7,18014469511657539,0,,
N,0,0,06/30/2025 01:44:16,243,0,8,0,0,0,30000,0,0,0,0,0,0,0,0,0,0,0,0,0,0,1,1,8,18014469511657539,0,,,0,8,18172,1,0,30000,0,0,0,0,0,0,0,0,0,0,0,0,0,0,1,1,8,18014469511657539,0,,
N,0,0,06/30/2025 01:48:47,244,0,10,0,0,0,30000,0,0,0,0,0,0,0,0,0,0,0,0,0,0,1,1,10,18014469511657539,0,,,0,10,18148,1,0,30000,0,0,0,0,0,0,0,0,0,0,0,0,0,0,1,1,10,18014469511657539,0,,
N,0,0,06/30/2025 01:48:50,245,0,11,0,0,0,30000,0,0,0,0,0,0,0,0,0,0,0,0,0,0,1,1,11,18014469511657539,0,,,0,11,36372,1,0,30000,0,0,0,0,0,0,0,0,0,0,0,0,0,0,1,1,11,18014469511657539,0,,
N,0,0,06/30/2025 01:48:50,245,1,14,0,0,0,30000,0,0,0,0,0,0,0,0,0,0,0,0,0,0,1,1,14,18014469511657539,0,,,1,14,18134,1,0,30000,0,0,0,0,0,0,0,0,0,0,0,0,0,0,1,1,14,18014469511657539,0,,
N,0,4,06/30/2025 01:49:07,247,0,0,4650,536,0,30000,0,0,0,0,0,0,0,0,0,0,0,0,0,0,0,1,0,18014469511657539,0,,,0,0,4650,535,0,30000,0,0,0,0,0,0,0,0,0,0,0,0,0,0,0,1,0,18014469511657539,0,,
N,0,1,06/30/2025 01:49:14,248,0,7,18157,1,0,30000,0,0,0,0,0,0,0,0,0,0,0,0,0,0,1,1,7,18014469511657539,0,,,0,7,0,0,0,30000,0,0,0,0,0,0,0,0,0,0,0,0,0,0,1,1,7,18014469511657539,0,,
N,0,4,06/30/2025 01:49:14,248,2000,1,20,30,0,0,0,0,0,0,0,0,0,0,0,0,0,0,0,0,2000,12,1,18014469511657539,0,,,2000,1,20,1300,0,0,0,0,0,0,0,0,0,0,0,0,0,0,0,0,2000,12,1,18014469511657539,0,,
N,0,1,06/30/2025 01:49:14,250,1,14,18134,1,0,30000,0,0,0,0,0,0,0,0,0,0,0,0,0,0,1,1,14,18014469511657539,0,,,1,14,0,0,0,30000,0,0,0,0,0,0,0,0,0,0,0,0,0,0,1,1,14,18014469511657539,0,,
N,0,4,06/30/2025 01:49:14,250,2000,1,20,1300,0,0,0,0,0,0,0,0,0,0,0,0,0,0,0,0,2000,12,1,18014469511657539,0,,,2000,1,20,2570,0,0,0,0,0,0,0,0,0,0,0,0,0,0,0,0,2000,12,1,18014469511657539,0,,
N,0,1,06/30/2025 01:49:15,252,0,10,18148,1,0,30000,0,0,0,0,0,0,0,0,0,0,0,0,0,0,1,1,10,18014469511657539,0,,,0,10,0,0,0,30000,0,0,0,0,0,0,0,0,0,0,0,0,0,0,1,1,10,18014469511657539,0,,
N,0,4,06/30/2025 01:49:15,252,2000,1,20,2570,0,0,0,0,0,0,0,0,0,0,0,0,0,0,0,0,2000,12,1,18014469511657539,0,,,2000,1,20,3840,0,0,0,0,0,0,0,0,0,0,0,0,0,0,0,0,2000,12,1,18014469511657539,0,,
N,0,1,06/30/2025 01:49:16,254,0,20,18137,1,0,30000,0,0,0,0,0,0,0,0,0,0,0,0,0,0,0,1,20,18014469511657539,0,,,0,20,0,0,0,30000,0,0,0,0,0,0,0,0,0,0,0,0,0,0,0,1,20,18014469511657539,0,,
N,0,4,06/30/2025 01:49:16,254,2000,1,20,3840,0,0,0,0,0,0,0,0,0,0,0,0,0,0,0,0,2000,12,1,18014469511657539,0,,,2000,1,20,5110,0,0,0,0,0,0,0,0,0,0,0,0,0,0,0,0,2000,12,1,18014469511657539,0,,
N,0,1,06/30/2025 01:49:16,256,0,8,18172,1,0,30000,0,0,0,0,0,0,0,0,0,0,0,0,0,0,1,1,8,18014469511657539,0,,,0,8,0,0,0,30000,0,0,0,0,0,0,0,0,0,0,0,0,0,0,1,1,8,18014469511657539,0,,
N,0,4,06/30/2025 01:49:16,256,2000,1,20,5110,0,0,0,0,0,0,0,0,0,0,0,0,0,0,0,0,2000,12,1,18014469511657539,0,,,2000,1,20,6380,0,0,0,0,0,0,0,0,0,0,0,0,0,0,0,0,2000,12,1,18014469511657539,0,,
N,0,1,06/30/2025 01:49:17,258,0,4,18177,1,0,30000,0,0,0,0,0,0,0,0,0,0,0,0,0,0,1,1,4,18014469511657539,0,,,0,4,0,0,0,30000,0,0,0,0,0,0,0,0,0,0,0,0,0,0,1,1,4,18014469511657539,0,,
N,0,4,06/30/2025 01:49:17,258,2000,1,20,6380,0,0,0,0,0,0,0,0,0,0,0,0,0,0,0,0,2000,12,1,18014469511657539,0,,,2000,1,20,7650,0,0,0,0,0,0,0,0,0,0,0,0,0,0,0,0,2000,12,1,18014469511657539,0,,
N,0,1,06/30/2025 01:49:18,260,0,3,18179,1,0,30000,0,0,0,0,0,0,0,0,0,0,0,0,0,0,1,1,3,18014469511657539,0,,,0,3,0,0,0,30000,0,0,0,0,0,0,0,0,0,0,0,0,0,0,1,1,3,18014469511657539,0,,
N,0,4,06/30/2025 01:49:18,260,2000,1,20,7650,0,0,0,0,0,0,0,0,0,0,0,0,0,0,0,0,2000,12,1,18014469511657539,0,,,2000,1,20,8920,0,0,0,0,0,0,0,0,0,0,0,0,0,0,0,0,2000,12,1,18014469511657539,0,,
N,0,4,06/30/2025 01:49:21,262,2000,1,20,8920,0,0,0,0,0,0,0,0,0,0,0,0,0,0,0,0,2000,12,1,18014469511657539,0,,,2000,1,20,120,0,0,0,0,0,0,0,0,0,0,0,0,0,0,0,0,2000,12,1,18014469511657539,0,,
N,0,4,06/30/2025 01:49:21,262,2000,37,21072,31979,0,0,0,0,0,0,0,0,0,0,0,0,0,0,0,0,2000,12,37,18014469511657539,0,,,2000,37,21072,32023,0,0,0,0,0,0,0,0,0,0,0,0,0,0,0,0,2000,12,37,18014469511657539,0,,
N,0,0,06/30/2025 01:55:48,264,0,20,0,0,0,30000,0,0,0,0,0,0,0,0,0,0,0,0,0,0,0,1,20,18014469511657539,0,,,0,20,18181,1,0,30000,0,0,0,0,0,0,0,0,0,0,0,0,0,0,0,1,20,18014469511657539,0,,
N,0,0,06/30/2025 01:56:05,265,0,3,0,0,0,30000,0,0,0,0,0,0,0,0,0,0,0,0,0,0,1,1,3,18014469511657539,0,,,0,3,20001,9,0,30000,0,0,0,0,0,0,0,0,0,0,0,0,0,0,1,1,3,18014469511657539,0,,
N,0,4,06/30/2025 03:19:57,266,0,0,4650,535,0,30000,0,0,0,0,0,0,0,0,0,0,0,0,0,0,0,1,0,18014469511657539,0,,,0,0,4650,534,0,30000,0,0,0,0,0,0,0,0,0,0,0,0,0,0,0,1,0,18014469511657539,0,,
N,0,4,06/30/2025 03:20:08,267,2000,0,1,52197598,0,0,0,0,0,0,0,0,0,0,0,0,0,0,0,0,2000,12,0,18014469511657539,0,,,2000,0,1,52196258,0,0,0,0,0,0,0,0,0,0,0,0,0,0,0,0,2000,12,0,18014469511657539,0,,
N,0,4,06/30/2025 03:20:19,268,2000,0,1,52196258,0,0,0,0,0,0,0,0,0,0,0,0,0,0,0,0,2000,12,0,18014469511657539,0,,,2000,0,1,52194612,0,0,0,0,0,0,0,0,0,0,0,0,0,0,0,0,2000,12,0,18014469511657539,0,,
N,0,4,06/30/2025 03:20:25,269,2000,0,1,52194612,0,0,0,0,0,0,0,0,0,0,0,0,0,0,0,0,2000,12,0,18014469511657539,0,,,2000,0,1,52193272,0,0,0,0,0,0,0,0,0,0,0,0,0,0,0,0,2000,12,0,18014469511657539,0,,
N,0,1,06/30/2025 03:20:47,270,0,20,18181,1,0,30000,0,0,0,0,0,0,0,0,0,0,0,0,0,0,0,1,20,18014469511657539,0,,,0,20,0,0,0,30000,0,0,0,0,0,0,0,0,0,0,0,0,0,0,0,1,20,18014469511657539,0,,
N,0,4,06/30/2025 03:20:47,270,2000,1,20,120,0,0,0,0,0,0,0,0,0,0,0,0,0,0,0,0,2000,12,1,18014469511657539,0,,,2000,1,20,1390,0,0,0,0,0,0,0,0,0,0,0,0,0,0,0,0,2000,12,1,18014469511657539,0,,
N,0,4,06/30/2025 03:20:50,272,2000,1,20,1390,0,0,0,0,0,0,0,0,0,0,0,0,0,0,0,0,2000,12,1,18014469511657539,0,,,2000,1,20,190,0,0,0,0,0,0,0,0,0,0,0,0,0,0,0,0,2000,12,1,18014469511657539,0,,
N,0,4,06/30/2025 03:20:50,272,2000,37,21072,32023,0,0,0,0,0,0,0,0,0,0,0,0,0,0,0,0,2000,12,37,18014469511657539,0,,,2000,37,21072,32029,0,0,0,0,0,0,0,0,0,0,0,0,0,0,0,0,2000,12,37,18014469511657539,0,,
N,0,4,06/30/2025 03:31:19,274,2001,11,13,510,0,30000,0,0,0,0,0,0,0,0,0,0,0,0,0,0,2001,13,11,18014469511657539,0,,,2001,11,13,526,0,30000,0,0,0,0,0,0,0,0,0,0,0,0,0,0,2001,13,11,18014469511657539,0,,
N,0,0,06/30/2025 03:33:13,275,0,20,0,0,0,30000,0,0,0,0,0,0,0,0,0,0,0,0,0,0,0,1,20,18014469511657539,0,,,0,20,18177,1,0,30000,0,0,0,0,0,0,0,0,0,0,0,0,0,0,0,1,20,18014469511657539,0,,
N,0,0,06/30/2025 03:36:41,276,0,4,0,0,0,30000,0,0,0,0,0,0,0,0,0,0,0,0,0,0,1,1,4,18014469511657539,0,,,0,4,18165,1,0,30000,0,0,0,0,0,0,0,0,0,0,0,0,0,0,1,1,4,18014469511657539,0,,
N,0,0,06/30/2025 03:39:00,277,0,7,0,0,0,30000,0,0,0,0,0,0,0,0,0,0,0,0,0,0,1,1,7,18014469511657539,0,,,0,7,18181,1,0,30000,0,0,0,0,0,0,0,0,0,0,0,0,0,0,1,1,7,18014469511657539,0,,
N,0,0,06/30/2025 03:40:09,278,0,8,0,0,0,30000,0,0,0,0,0,0,0,0,0,0,0,0,0,0,1,1,8,18014469511657539,0,,,0,8,18170,1,0,30000,0,0,0,0,0,0,0,0,0,0,0,0,0,0,1,1,8,18014469511657539,0,,
N,0,0,06/30/2025 03:44:36,279,0,10,0,0,0,30000,0,0,0,0,0,0,0,0,0,0,0,0,0,0,1,1,10,18014469511657539,0,,,0,10,18145,1,0,30000,0,0,0,0,0,0,0,0,0,0,0,0,0,0,1,1,10,18014469511657539,0,,
N,0,4,06/30/2025 03:44:39,280,0,11,36372,1,0,30000,0,0,0,0,0,0,0,0,0,0,0,0,0,0,1,1,11,18014469511657539,0,,,0,11,36372,2,0,30000,0,0,0,0,0,0,0,0,0,0,0,0,0,0,1,1,11,18014469511657539,0,,
N,0,0,06/30/2025 03:44:39,280,1,14,0,0,0,30000,0,0,0,0,0,0,0,0,0,0,0,0,0,0,1,1,14,18014469511657539,0,,,1,14,20542,1,0,30000,0,0,0,0,0,0,0,0,0,0,0,0,0,0,1,1,14,18014469511657539,0,,
N,0,0,06/30/2025 03:44:39,280,1,15,0,0,0,30000,0,0,0,0,0,0,0,0,0,0,0,0,0,0,1,1,15,18014469511657539,0,,,1,15,18123,1,0,30000,0,0,0,0,0,0,0,0,0,0,0,0,0,0,1,1,15,18014469511657539,0,,
N,0,0,06/30/2025 03:44:39,280,1,16,0,0,0,30000,0,0,0,0,0,0,0,0,0,0,0,0,0,0,1,1,16,18014469511657539,0,,,1,16,18140,1,0,30000,0,0,0,0,0,0,0,0,0,0,0,0,0,0,1,1,16,18014469511657539,0,,
N,0,4,06/30/2025 03:44:57,284,0,0,4650,534,0,30000,0,0,0,0,0,0,0,0,0,0,0,0,0,0,0,1,0,18014469511657539,0,,,0,0,4650,533,0,30000,0,0,0,0,0,0,0,0,0,0,0,0,0,0,0,1,0,18014469511657539,0,,
N,0,1,06/30/2025 03:45:04,285,1,15,18123,1,0,30000,0,0,0,0,0,0,0,0,0,0,0,0,0,0,1,1,15,18014469511657539,0,,,1,15,0,0,0,30000,0,0,0,0,0,0,0,0,0,0,0,0,0,0,1,1,15,18014469511657539,0,,
N,0,4,06/30/2025 03:45:04,285,2000,1,20,190,0,0,0,0,0,0,0,0,0,0,0,0,0,0,0,0,2000,12,1,18014469511657539,0,,,2000,1,20,1460,0,0,0,0,0,0,0,0,0,0,0,0,0,0,0,0,2000,12,1,18014469511657539,0,,
N,0,1,06/30/2025 03:45:04,287,0,10,18145,1,0,30000,0,0,0,0,0,0,0,0,0,0,0,0,0,0,1,1,10,18014469511657539,0,,,0,10,0,0,0,30000,0,0,0,0,0,0,0,0,0,0,0,0,0,0,1,1,10,18014469511657539,0,,
N,0,4,06/30/2025 03:45:04,287,2000,1,20,1460,0,0,0,0,0,0,0,0,0,0,0,0,0,0,0,0,2000,12,1,18014469511657539,0,,,2000,1,20,2730,0,0,0,0,0,0,0,0,0,0,0,0,0,0,0,0,2000,12,1,18014469511657539,0,,
N,0,1,06/30/2025 03:45:05,289,1,16,18140,1,0,30000,0,0,0,0,0,0,0,0,0,0,0,0,0,0,1,1,16,18014469511657539,0,,,1,16,0,0,0,30000,0,0,0,0,0,0,0,0,0,0,0,0,0,0,1,1,16,18014469511657539,0,,
N,0,4,06/30/2025 03:45:05,289,2000,1,20,2730,0,0,0,0,0,0,0,0,0,0,0,0,0,0,0,0,2000,12,1,18014469511657539,0,,,2000,1,20,4000,0,0,0,0,0,0,0,0,0,0,0,0,0,0,0,0,2000,12,1,18014469511657539,0,,
N,0,1,06/30/2025 03:45:06,291,0,4,18165,1,0,30000,0,0,0,0,0,0,0,0,0,0,0,0,0,0,1,1,4,18014469511657539,0,,,0,4,0,0,0,30000,0,0,0,0,0,0,0,0,0,0,0,0,0,0,1,1,4,18014469511657539,0,,
N,0,4,06/30/2025 03:45:06,291,2000,1,20,4000,0,0,0,0,0,0,0,0,0,0,0,0,0,0,0,0,2000,12,1,18014469511657539,0,,,2000,1,20,5270,0,0,0,0,0,0,0,0,0,0,0,0,0,0,0,0,2000,12,1,18014469511657539,0,,
N,0,1,06/30/2025 03:45:06,293,0,8,18170,1,0,30000,0,0,0,0,0,0,0,0,0,0,0,0,0,0,1,1,8,18014469511657539,0,,,0,8,0,0,0,30000,0,0,0,0,0,0,0,0,0,0,0,0,0,0,1,1,8,18014469511657539,0,,
N,0,4,06/30/2025 03:45:06,293,2000,1,20,5270,0,0,0,0,0,0,0,0,0,0,0,0,0,0,0,0,2000,12,1,18014469511657539,0,,,2000,1,20,6540,0,0,0,0,0,0,0,0,0,0,0,0,0,0,0,0,2000,12,1,18014469511657539,0,,
N,0,1,06/30/2025 03:45:07,295,0,20,18177,1,0,30000,0,0,0,0,0,0,0,0,0,0,0,0,0,0,0,1,20,18014469511657539,0,,,0,20,0,0,0,30000,0,0,0,0,0,0,0,0,0,0,0,0,0,0,0,1,20,18014469511657539,0,,
N,0,4,06/30/2025 03:45:07,295,2000,1,20,6540,0,0,0,0,0,0,0,0,0,0,0,0,0,0,0,0,2000,12,1,18014469511657539,0,,,2000,1,20,7810,0,0,0,0,0,0,0,0,0,0,0,0,0,0,0,0,2000,12,1,18014469511657539,0,,
N,0,1,06/30/2025 03:45:07,297,0,7,18181,1,0,30000,0,0,0,0,0,0,0,0,0,0,0,0,0,0,1,1,7,18014469511657539,0,,,0,7,0,0,0,30000,0,0,0,0,0,0,0,0,0,0,0,0,0,0,1,1,7,18014469511657539,0,,
N,0,4,06/30/2025 03:45:07,297,2000,1,20,7810,0,0,0,0,0,0,0,0,0,0,0,0,0,0,0,0,2000,12,1,18014469511657539,0,,,2000,1,20,9080,0,0,0,0,0,0,0,0,0,0,0,0,0,0,0,0,2000,12,1,18014469511657539,0,,
N,0,4,06/30/2025 03:45:11,299,2000,1,20,9080,0,0,0,0,0,0,0,0,0,0,0,0,0,0,0,0,2000,12,1,18014469511657539,0,,,2000,1,20,80,0,0,0,0,0,0,0,0,0,0,0,0,0,0,0,0,2000,12,1,18014469511657539,0,,
N,0,4,06/30/2025 03:45:11,299,2000,37,21072,32029,0,0,0,0,0,0,0,0,0,0,0,0,0,0,0,0,2000,12,37,18014469511657539,0,,,2000,37,21072,32074,0,0,0,0,0,0,0,0,0,0,0,0,0,0,0,0,2000,12,37,18014469511657539,0,,
N,0,0,06/30/2025 03:51:45,301,0,20,0,0,0,30000,0,0,0,0,0,0,0,0,0,0,0,0,0,0,0,1,20,18014469511657539,0,,,0,20,18149,1,0,30000,0,0,0,0,0,0,0,0,0,0,0,0,0,0,0,1,20,18014469511657539,0,,
N,0,0,06/30/2025 03:52:04,302,0,4,0,0,0,30000,0,0,0,0,0,0,0,0,0,0,0,0,0,0,1,1,4,18014469511657539,0,,,0,4,19924,4,0,30000,0,0,0,0,0,0,0,0,0,0,0,0,0,0,1,1,4,18014469511657539,0,,
N,0,0,06/30/2025 03:53:58,303,0,7,0,0,0,30000,0,0,0,0,0,0,0,0,0,0,0,0,0,0,1,1,7,18014469511657539,0,,,0,7,18175,1,0,30000,0,0,0,0,0,0,0,0,0,0,0,0,0,0,1,1,7,18014469511657539,0,,
N,0,0,06/30/2025 03:57:25,304,0,8,0,0,0,30000,0,0,0,0,0,0,0,0,0,0,0,0,0,0,1,1,8,18014469511657539,0,,,0,8,18147,1,0,30000,0,0,0,0,0,0,0,0,0,0,0,0,0,0,1,1,8,18014469511657539,0,,
N,0,0,06/30/2025 03:59:42,305,0,10,0,0,0,30000,0,0,0,0,0,0,0,0,0,0,0,0,0,0,1,1,10,18014469511657539,0,,,0,10,18187,1,0,30000,0,0,0,0,0,0,0,0,0,0,0,0,0,0,1,1,10,18014469511657539,0,,
N,0,0,06/30/2025 04:00:51,306,1,15,0,0,0,30000,0,0,0,0,0,0,0,0,0,0,0,0,0,0,1,1,15,18014469511657539,0,,,1,15,18171,1,0,30000,0,0,0,0,0,0,0,0,0,0,0,0,0,0,1,1,15,18014469511657539,0,,
N,0,0,06/30/2025 04:06:36,307,1,16,0,0,0,30000,0,0,0,0,0,0,0,0,0,0,0,0,0,0,1,1,16,18014469511657539,0,,,1,16,18176,1,0,30000,0,0,0,0,0,0,0,0,0,0,0,0,0,0,1,1,16,18014469511657539,0,,
N,0,0,06/30/2025 04:06:38,308,1,0,0,0,0,0,0,0,0,0,0,0,0,0,0,0,0,0,0,0,1,1,17,0,0,,,1,17,18134,1,0,30000,0,0,0,0,0,0,0,0,0,0,0,0,0,0,1,1,17,18014469511657539,0,,
N,0,4,06/30/2025 04:06:56,309,0,0,4650,533,0,30000,0,0,0,0,0,0,0,0,0,0,0,0,0,0,0,1,0,18014469511657539,0,,,0,0,4650,532,0,30000,0,0,0,0,0,0,0,0,0,0,0,0,0,0,0,1,0,18014469511657539,0,,
N,0,1,06/30/2025 04:07:02,310,1,17,18134,1,0,30000,0,0,0,0,0,0,0,0,0,0,0,0,0,0,1,1,17,18014469511657539,0,,,1,17,0,0,0,30000,0,0,0,0,0,0,0,0,0,0,0,0,0,0,1,1,17,18014469511657539,0,,
N,0,4,06/30/2025 04:07:02,310,2000,1,20,80,0,0,0,0,0,0,0,0,0,0,0,0,0,0,0,0,2000,12,1,18014469511657539,0,,,2000,1,20,1350,0,0,0,0,0,0,0,0,0,0,0,0,0,0,0,0,2000,12,1,18014469511657539,0,,
N,0,1,06/30/2025 04:07:03,312,0,8,18147,1,0,30000,0,0,0,0,0,0,0,0,0,0,0,0,0,0,1,1,8,18014469511657539,0,,,0,8,0,0,0,30000,0,0,0,0,0,0,0,0,0,0,0,0,0,0,1,1,8,18014469511657539,0,,
N,0,4,06/30/2025 04:07:03,312,2000,1,20,1350,0,0,0,0,0,0,0,0,0,0,0,0,0,0,0,0,2000,12,1,18014469511657539,0,,,2000,1,20,2620,0,0,0,0,0,0,0,0,0,0,0,0,0,0,0,0,2000,12,1,18014469511657539,0,,
N,0,1,06/30/2025 04:07:04,314,0,20,18149,1,0,30000,0,0,0,0,0,0,0,0,0,0,0,0,0,0,0,1,20,18014469511657539,0,,,0,20,0,0,0,30000,0,0,0,0,0,0,0,0,0,0,0,0,0,0,0,1,20,18014469511657539,0,,
N,0,4,06/30/2025 04:07:04,314,2000,1,20,2620,0,0,0,0,0,0,0,0,0,0,0,0,0,0,0,0,2000,12,1,18014469511657539,0,,,2000,1,20,3890,0,0,0,0,0,0,0,0,0,0,0,0,0,0,0,0,2000,12,1,18014469511657539,0,,
N,0,1,06/30/2025 04:07:04,316,1,15,18171,1,0,30000,0,0,0,0,0,0,0,0,0,0,0,0,0,0,1,1,15,18014469511657539,0,,,1,15,0,0,0,30000,0,0,0,0,0,0,0,0,0,0,0,0,0,0,1,1,15,18014469511657539,0,,
N,0,4,06/30/2025 04:07:04,316,2000,1,20,3890,0,0,0,0,0,0,0,0,0,0,0,0,0,0,0,0,2000,12,1,18014469511657539,0,,,2000,1,20,5160,0,0,0,0,0,0,0,0,0,0,0,0,0,0,0,0,2000,12,1,18014469511657539,0,,
N,0,1,06/30/2025 04:07:05,318,0,7,18175,1,0,30000,0,0,0,0,0,0,0,0,0,0,0,0,0,0,1,1,7,18014469511657539,0,,,0,7,0,0,0,30000,0,0,0,0,0,0,0,0,0,0,0,0,0,0,1,1,7,18014469511657539,0,,
N,0,4,06/30/2025 04:07:05,318,2000,1,20,5160,0,0,0,0,0,0,0,0,0,0,0,0,0,0,0,0,2000,12,1,18014469511657539,0,,,2000,1,20,6430,0,0,0,0,0,0,0,0,0,0,0,0,0,0,0,0,2000,12,1,18014469511657539,0,,
N,0,1,06/30/2025 04:07:06,320,1,16,18176,1,0,30000,0,0,0,0,0,0,0,0,0,0,0,0,0,0,1,1,16,18014469511657539,0,,,1,16,0,0,0,30000,0,0,0,0,0,0,0,0,0,0,0,0,0,0,1,1,16,18014469511657539,0,,
N,0,4,06/30/2025 04:07:06,320,2000,1,20,6430,0,0,0,0,0,0,0,0,0,0,0,0,0,0,0,0,2000,12,1,18014469511657539,0,,,2000,1,20,7700,0,0,0,0,0,0,0,0,0,0,0,0,0,0,0,0,2000,12,1,18014469511657539,0,,
N,0,1,06/30/2025 04:07:06,322,0,10,18187,1,0,30000,0,0,0,0,0,0,0,0,0,0,0,0,0,0,1,1,10,18014469511657539,0,,,0,10,0,0,0,30000,0,0,0,0,0,0,0,0,0,0,0,0,0,0,1,1,10,18014469511657539,0,,
N,0,4,06/30/2025 04:07:06,322,2000,1,20,7700,0,0,0,0,0,0,0,0,0,0,0,0,0,0,0,0,2000,12,1,18014469511657539,0,,,2000,1,20,8970,0,0,0,0,0,0,0,0,0,0,0,0,0,0,0,0,2000,12,1,18014469511657539,0,,
N,0,4,06/30/2025 04:07:10,324,2000,1,20,8970,0,0,0,0,0,0,0,0,0,0,0,0,0,0,0,0,2000,12,1,18014469511657539,0,,,2000,1,20,170,0,0,0,0,0,0,0,0,0,0,0,0,0,0,0,0,2000,12,1,18014469511657539,0,,
N,0,4,06/30/2025 04:07:10,324,2000,37,21072,32074,0,0,0,0,0,0,0,0,0,0,0,0,0,0,0,0,2000,12,37,18014469511657539,0,,,2000,37,21072,32118,0,0,0,0,0,0,0,0,0,0,0,0,0,0,0,0,2000,12,37,18014469511657539,0,,
N,0,0,06/30/2025 04:13:40,326,0,20,0,0,0,30000,0,0,0,0,0,0,0,0,0,0,0,0,0,0,0,1,20,18014469511657539,0,,,0,20,18186,1,0,30000,0,0,0,0,0,0,0,0,0,0,0,0,0,0,0,1,20,18014469511657539,0,,
N,0,4,06/30/2025 04:13:59,327,2001,0,2,87,0,30000,0,0,0,0,0,0,0,0,0,0,0,0,0,0,2001,13,0,18014469511657539,0,,,2001,0,2,93,0,30000,0,0,0,0,0,0,0,0,0,0,0,0,0,0,2001,13,0,18014469511657539,0,,
N,0,0,06/30/2025 04:15:56,328,0,7,0,0,0,30000,0,0,0,0,0,0,0,0,0,0,0,0,0,0,1,1,7,18014469511657539,0,,,0,7,18169,1,0,30000,0,0,0,0,0,0,0,0,0,0,0,0,0,0,1,1,7,18014469511657539,0,,
N,0,0,06/30/2025 04:19:35,329,0,8,0,0,0,30000,0,0,0,0,0,0,0,0,0,0,0,0,0,0,1,1,8,18014469511657539,0,,,0,8,18135,1,0,30000,0,0,0,0,0,0,0,0,0,0,0,0,0,0,1,1,8,18014469511657539,0,,
N,0,0,06/30/2025 04:21:53,330,0,10,0,0,0,30000,0,0,0,0,0,0,0,0,0,0,0,0,0,0,1,1,10,18014469511657539,0,,,0,10,18181,1,0,30000,0,0,0,0,0,0,0,0,0,0,0,0,0,0,1,1,10,18014469511657539,0,,
N,0,0,06/30/2025 04:22:59,331,1,15,0,0,0,30000,0,0,0,0,0,0,0,0,0,0,0,0,0,0,1,1,15,18014469511657539,0,,,1,15,18171,1,0,30000,0,0,0,0,0,0,0,0,0,0,0,0,0,0,1,1,15,18014469511657539,0,,
N,0,0,06/30/2025 04:27:31,332,1,16,0,0,0,30000,0,0,0,0,0,0,0,0,0,0,0,0,0,0,1,1,16,18014469511657539,0,,,1,16,18147,1,0,30000,0,0,0,0,0,0,0,0,0,0,0,0,0,0,1,1,16,18014469511657539,0,,
N,0,4,06/30/2025 04:27:52,333,0,0,4650,532,0,30000,0,0,0,0,0,0,0,0,0,0,0,0,0,0,0,1,0,18014469511657539,0,,,0,0,4650,531,0,30000,0,0,0,0,0,0,0,0,0,0,0,0,0,0,0,1,0,18014469511657539,0,,
N,0,1,06/30/2025 04:27:59,334,0,8,18135,1,0,30000,0,0,0,0,0,0,0,0,0,0,0,0,0,0,1,1,8,18014469511657539,0,,,0,8,0,0,0,30000,0,0,0,0,0,0,0,0,0,0,0,0,0,0,1,1,8,18014469511657539,0,,
N,0,4,06/30/2025 04:27:59,334,2000,1,20,170,0,0,0,0,0,0,0,0,0,0,0,0,0,0,0,0,2000,12,1,18014469511657539,0,,,2000,1,20,1440,0,0,0,0,0,0,0,0,0,0,0,0,0,0,0,0,2000,12,1,18014469511657539,0,,
N,0,1,06/30/2025 04:27:59,336,1,16,18147,1,0,30000,0,0,0,0,0,0,0,0,0,0,0,0,0,0,1,1,16,18014469511657539,0,,,1,16,0,0,0,30000,0,0,0,0,0,0,0,0,0,0,0,0,0,0,1,1,16,18014469511657539,0,,
N,0,4,06/30/2025 04:27:59,336,2000,1,20,1440,0,0,0,0,0,0,0,0,0,0,0,0,0,0,0,0,2000,12,1,18014469511657539,0,,,2000,1,20,2710,0,0,0,0,0,0,0,0,0,0,0,0,0,0,0,0,2000,12,1,18014469511657539,0,,
N,0,1,06/30/2025 04:28:00,338,0,7,18169,1,0,30000,0,0,0,0,0,0,0,0,0,0,0,0,0,0,1,1,7,18014469511657539,0,,,0,7,0,0,0,30000,0,0,0,0,0,0,0,0,0,0,0,0,0,0,1,1,7,18014469511657539,0,,
N,0,4,06/30/2025 04:28:00,338,2000,1,20,2710,0,0,0,0,0,0,0,0,0,0,0,0,0,0,0,0,2000,12,1,18014469511657539,0,,,2000,1,20,3980,0,0,0,0,0,0,0,0,0,0,0,0,0,0,0,0,2000,12,1,18014469511657539,0,,
N,0,1,06/30/2025 04:28:00,340,1,15,18171,1,0,30000,0,0,0,0,0,0,0,0,0,0,0,0,0,0,1,1,15,18014469511657539,0,,,1,15,0,0,0,30000,0,0,0,0,0,0,0,0,0,0,0,0,0,0,1,1,15,18014469511657539,0,,
N,0,4,06/30/2025 04:28:00,340,2000,1,20,3980,0,0,0,0,0,0,0,0,0,0,0,0,0,0,0,0,2000,12,1,18014469511657539,0,,,2000,1,20,5250,0,0,0,0,0,0,0,0,0,0,0,0,0,0,0,0,2000,12,1,18014469511657539,0,,
N,0,1,06/30/2025 04:28:01,342,0,10,18181,1,0,30000,0,0,0,0,0,0,0,0,0,0,0,0,0,0,1,1,10,18014469511657539,0,,,0,10,0,0,0,30000,0,0,0,0,0,0,0,0,0,0,0,0,0,0,1,1,10,18014469511657539,0,,
N,0,4,06/30/2025 04:28:01,342,2000,1,20,5250,0,0,0,0,0,0,0,0,0,0,0,0,0,0,0,0,2000,12,1,18014469511657539,0,,,2000,1,20,6520,0,0,0,0,0,0,0,0,0,0,0,0,0,0,0,0,2000,12,1,18014469511657539,0,,
N,0,1,06/30/2025 04:28:02,344,0,20,18186,1,0,30000,0,0,0,0,0,0,0,0,0,0,0,0,0,0,0,1,20,18014469511657539,0,,,0,20,0,0,0,30000,0,0,0,0,0,0,0,0,0,0,0,0,0,0,0,1,20,18014469511657539,0,,
N,0,4,06/30/2025 04:28:02,344,2000,1,20,6520,0,0,0,0,0,0,0,0,0,0,0,0,0,0,0,0,2000,12,1,18014469511657539,0,,,2000,1,20,7790,0,0,0,0,0,0,0,0,0,0,0,0,0,0,0,0,2000,12,1,18014469511657539,0,,
N,0,4,06/30/2025 04:28:05,346,2000,1,20,7790,0,0,0,0,0,0,0,0,0,0,0,0,0,0,0,0,2000,12,1,18014469511657539,0,,,2000,1,20,190,0,0,0,0,0,0,0,0,0,0,0,0,0,0,0,0,2000,12,1,18014469511657539,0,,
N,0,4,06/30/2025 04:28:05,346,2000,37,21072,32118,0,0,0,0,0,0,0,0,0,0,0,0,0,0,0,0,2000,12,37,18014469511657539,0,,,2000,37,21072,32156,0,0,0,0,0,0,0,0,0,0,0,0,0,0,0,0,2000,12,37,18014469511657539,0,,
N,0,0,06/30/2025 04:34:42,348,0,20,0,0,0,30000,0,0,0,0,0,0,0,0,0,0,0,0,0,0,0,1,20,18014469511657539,0,,,0,20,18167,1,0,30000,0,0,0,0,0,0,0,0,0,0,0,0,0,0,0,1,20,18014469511657539,0,,
N,0,4,06/30/2025 04:35:00,349,2001,6,8,70,0,30000,0,0,0,0,0,0,0,0,0,0,0,0,0,0,2001,13,6,18014469511657539,0,,,2001,6,8,86,0,30000,0,0,0,0,0,0,0,0,0,0,0,0,0,0,2001,13,6,18014469511657539,0,,
N,0,0,06/30/2025 04:36:52,350,0,7,0,0,0,30000,0,0,0,0,0,0,0,0,0,0,0,0,0,0,1,1,7,18014469511657539,0,,,0,7,18177,1,0,30000,0,0,0,0,0,0,0,0,0,0,0,0,0,0,1,1,7,18014469511657539,0,,
N,0,0,06/30/2025 04:40:32,351,0,8,0,0,0,30000,0,0,0,0,0,0,0,0,0,0,0,0,0,0,1,1,8,18014469511657539,0,,,0,8,18139,1,0,30000,0,0,0,0,0,0,0,0,0,0,0,0,0,0,1,1,8,18014469511657539,0,,
N,0,0,06/30/2025 04:48:24,352,0,10,0,0,0,30000,0,0,0,0,0,0,0,0,0,0,0,0,0,0,1,1,10,18014469511657539,0,,,0,10,18148,1,0,30000,0,0,0,0,0,0,0,0,0,0,0,0,0,0,1,1,10,18014469511657539,0,,
N,0,4,06/30/2025 04:48:27,353,0,11,36372,2,0,30000,0,0,0,0,0,0,0,0,0,0,0,0,0,0,1,1,11,18014469511657539,0,,,0,11,36372,3,0,30000,0,0,0,0,0,0,0,0,0,0,0,0,0,0,1,1,11,18014469511657539,0,,
N,0,1,06/30/2025 04:48:49,354,0,8,18139,1,0,30000,0,0,0,0,0,0,0,0,0,0,0,0,0,0,1,1,8,18014469511657539,0,,,0,8,0,0,0,30000,0,0,0,0,0,0,0,0,0,0,0,0,0,0,1,1,8,18014469511657539,0,,
N,0,4,06/30/2025 04:48:49,354,2000,1,20,190,0,0,0,0,0,0,0,0,0,0,0,0,0,0,0,0,2000,12,1,18014469511657539,0,,,2000,1,20,1460,0,0,0,0,0,0,0,0,0,0,0,0,0,0,0,0,2000,12,1,18014469511657539,0,,
N,0,1,06/30/2025 04:48:50,356,0,10,18148,1,0,30000,0,0,0,0,0,0,0,0,0,0,0,0,0,0,1,1,10,18014469511657539,0,,,0,10,0,0,0,30000,0,0,0,0,0,0,0,0,0,0,0,0,0,0,1,1,10,18014469511657539,0,,
N,0,4,06/30/2025 04:48:50,356,2000,1,20,1460,0,0,0,0,0,0,0,0,0,0,0,0,0,0,0,0,2000,12,1,18014469511657539,0,,,2000,1,20,2730,0,0,0,0,0,0,0,0,0,0,0,0,0,0,0,0,2000,12,1,18014469511657539,0,,
N,0,1,06/30/2025 04:48:50,358,0,20,18167,1,0,30000,0,0,0,0,0,0,0,0,0,0,0,0,0,0,0,1,20,18014469511657539,0,,,0,20,0,0,0,30000,0,0,0,0,0,0,0,0,0,0,0,0,0,0,0,1,20,18014469511657539,0,,
N,0,4,06/30/2025 04:48:50,358,2000,1,20,2730,0,0,0,0,0,0,0,0,0,0,0,0,0,0,0,0,2000,12,1,18014469511657539,0,,,2000,1,20,4000,0,0,0,0,0,0,0,0,0,0,0,0,0,0,0,0,2000,12,1,18014469511657539,0,,
N,0,1,06/30/2025 04:48:51,360,0,7,18177,1,0,30000,0,0,0,0,0,0,0,0,0,0,0,0,0,0,1,1,7,18014469511657539,0,,,0,7,0,0,0,30000,0,0,0,0,0,0,0,0,0,0,0,0,0,0,1,1,7,18014469511657539,0,,
N,0,4,06/30/2025 04:48:51,360,2000,1,20,4000,0,0,0,0,0,0,0,0,0,0,0,0,0,0,0,0,2000,12,1,18014469511657539,0,,,2000,1,20,5270,0,0,0,0,0,0,0,0,0,0,0,0,0,0,0,0,2000,12,1,18014469511657539,0,,
N,0,4,06/30/2025 04:48:54,362,2000,1,20,5270,0,0,0,0,0,0,0,0,0,0,0,0,0,0,0,0,2000,12,1,18014469511657539,0,,,2000,1,20,70,0,0,0,0,0,0,0,0,0,0,0,0,0,0,0,0,2000,12,1,18014469511657539,0,,
N,0,4,06/30/2025 04:48:54,362,2000,37,21072,32156,0,0,0,0,0,0,0,0,0,0,0,0,0,0,0,0,2000,12,37,18014469511657539,0,,,2000,37,21072,32182,0,0,0,0,0,0,0,0,0,0,0,0,0,0,0,0,2000,12,37,18014469511657539,0,,
N,0,0,06/30/2025 04:55:31,364,0,20,0,0,0,30000,0,0,0,0,0,0,0,0,0,0,0,0,0,0,0,1,20,18014469511657539,0,,,0,20,18137,1,0,30000,0,0,0,0,0,0,0,0,0,0,0,0,0,0,0,1,20,18014469511657539,0,,
N,0,4,06/30/2025 04:55:51,365,2001,6,8,86,0,30000,0,0,0,0,0,0,0,0,0,0,0,0,0,0,2001,13,6,18014469511657539,0,,,2001,6,8,91,0,30000,0,0,0,0,0,0,0,0,0,0,0,0,0,0,2001,13,6,18014469511657539,0,,
N,0,0,06/30/2025 04:57:48,366,0,7,0,0,0,30000,0,0,0,0,0,0,0,0,0,0,0,0,0,0,1,1,7,18014469511657539,0,,,0,7,18169,1,0,30000,0,0,0,0,0,0,0,0,0,0,0,0,0,0,1,1,7,18014469511657539,0,,
N,0,0,06/30/2025 05:01:17,367,0,8,0,0,0,30000,0,0,0,0,0,0,0,0,0,0,0,0,0,0,1,1,8,18014469511657539,0,,,0,8,18133,1,0,30000,0,0,0,0,0,0,0,0,0,0,0,0,0,0,1,1,8,18014469511657539,0,,
N,0,0,06/30/2025 05:03:32,368,0,10,0,0,0,30000,0,0,0,0,0,0,0,0,0,0,0,0,0,0,1,1,10,18014469511657539,0,,,0,10,18180,1,0,30000,0,0,0,0,0,0,0,0,0,0,0,0,0,0,1,1,10,18014469511657539,0,,
N,0,0,06/30/2025 05:04:39,369,1,15,0,0,0,30000,0,0,0,0,0,0,0,0,0,0,0,0,0,0,1,1,15,18014469511657539,0,,,1,15,18172,1,0,30000,0,0,0,0,0,0,0,0,0,0,0,0,0,0,1,1,15,18014469511657539,0,,
N,0,0,06/30/2025 05:09:10,370,1,16,0,0,0,30000,0,0,0,0,0,0,0,0,0,0,0,0,0,0,1,1,16,18014469511657539,0,,,1,16,18149,1,0,30000,0,0,0,0,0,0,0,0,0,0,0,0,0,0,1,1,16,18014469511657539,0,,
N,0,0,06/30/2025 05:09:15,371,1,17,0,0,0,30000,0,0,0,0,0,0,0,0,0,0,0,0,0,0,1,1,17,18014469511657539,0,,,1,17,18121,1,0,30000,0,0,0,0,0,0,0,0,0,0,0,0,0,0,1,1,17,18014469511657539,0,,
N,0,0,06/30/2025 05:09:15,371,1,0,0,0,0,0,0,0,0,0,0,0,0,0,0,0,0,0,0,0,1,1,18,0,0,,,1,18,18164,1,0,30000,0,0,0,0,0,0,0,0,0,0,0,0,0,0,1,1,18,18014469511657539,0,,
N,0,4,06/30/2025 05:09:33,373,0,0,4650,531,0,30000,0,0,0,0,0,0,0,0,0,0,0,0,0,0,0,1,0,18014469511657539,0,,,0,0,4650,530,0,30000,0,0,0,0,0,0,0,0,0,0,0,0,0,0,0,1,0,18014469511657539,0,,
N,0,1,06/30/2025 05:09:39,374,1,17,18121,1,0,30000,0,0,0,0,0,0,0,0,0,0,0,0,0,0,1,1,17,18014469511657539,0,,,1,17,0,0,0,30000,0,0,0,0,0,0,0,0,0,0,0,0,0,0,1,1,17,18014469511657539,0,,
N,0,4,06/30/2025 05:09:39,374,2000,1,20,70,0,0,0,0,0,0,0,0,0,0,0,0,0,0,0,0,2000,12,1,18014469511657539,0,,,2000,1,20,1340,0,0,0,0,0,0,0,0,0,0,0,0,0,0,0,0,2000,12,1,18014469511657539,0,,
N,0,1,06/30/2025 05:09:40,376,0,8,18133,1,0,30000,0,0,0,0,0,0,0,0,0,0,0,0,0,0,1,1,8,18014469511657539,0,,,0,8,0,0,0,30000,0,0,0,0,0,0,0,0,0,0,0,0,0,0,1,1,8,18014469511657539,0,,
N,0,4,06/30/2025 05:09:40,376,2000,1,20,1340,0,0,0,0,0,0,0,0,0,0,0,0,0,0,0,0,2000,12,1,18014469511657539,0,,,2000,1,20,2610,0,0,0,0,0,0,0,0,0,0,0,0,0,0,0,0,2000,12,1,18014469511657539,0,,
N,0,1,06/30/2025 05:09:40,378,1,18,18164,1,0,30000,0,0,0,0,0,0,0,0,0,0,0,0,0,0,1,1,18,18014469511657539,0,,,1,18,0,0,0,30000,0,0,0,0,0,0,0,0,0,0,0,0,0,0,1,1,18,18014469511657539,0,,
N,0,4,06/30/2025 05:09:40,378,2000,1,20,2610,0,0,0,0,0,0,0,0,0,0,0,0,0,0,0,0,2000,12,1,18014469511657539,0,,,2000,1,20,3880,0,0,0,0,0,0,0,0,0,0,0,0,0,0,0,0,2000,12,1,18014469511657539,0,,
N,0,1,06/30/2025 05:09:41,380,0,20,18137,1,0,30000,0,0,0,0,0,0,0,0,0,0,0,0,0,0,0,1,20,18014469511657539,0,,,0,20,0,0,0,30000,0,0,0,0,0,0,0,0,0,0,0,0,0,0,0,1,20,18014469511657539,0,,
N,0,4,06/30/2025 05:09:41,380,2000,1,20,3880,0,0,0,0,0,0,0,0,0,0,0,0,0,0,0,0,2000,12,1,18014469511657539,0,,,2000,1,20,5150,0,0,0,0,0,0,0,0,0,0,0,0,0,0,0,0,2000,12,1,18014469511657539,0,,
N,0,1,06/30/2025 05:09:42,382,1,16,18149,1,0,30000,0,0,0,0,0,0,0,0,0,0,0,0,0,0,1,1,16,18014469511657539,0,,,1,16,0,0,0,30000,0,0,0,0,0,0,0,0,0,0,0,0,0,0,1,1,16,18014469511657539,0,,
N,0,4,06/30/2025 05:09:42,382,2000,1,20,5150,0,0,0,0,0,0,0,0,0,0,0,0,0,0,0,0,2000,12,1,18014469511657539,0,,,2000,1,20,6420,0,0,0,0,0,0,0,0,0,0,0,0,0,0,0,0,2000,12,1,18014469511657539,0,,
N,0,1,06/30/2025 05:09:42,384,0,7,18169,1,0,30000,0,0,0,0,0,0,0,0,0,0,0,0,0,0,1,1,7,18014469511657539,0,,,0,7,0,0,0,30000,0,0,0,0,0,0,0,0,0,0,0,0,0,0,1,1,7,18014469511657539,0,,
N,0,4,06/30/2025 05:09:42,384,2000,1,20,6420,0,0,0,0,0,0,0,0,0,0,0,0,0,0,0,0,2000,12,1,18014469511657539,0,,,2000,1,20,7690,0,0,0,0,0,0,0,0,0,0,0,0,0,0,0,0,2000,12,1,18014469511657539,0,,
N,0,1,06/30/2025 05:09:43,386,1,15,18172,1,0,30000,0,0,0,0,0,0,0,0,0,0,0,0,0,0,1,1,15,18014469511657539,0,,,1,15,0,0,0,30000,0,0,0,0,0,0,0,0,0,0,0,0,0,0,1,1,15,18014469511657539,0,,
N,0,4,06/30/2025 05:09:43,386,2000,1,20,7690,0,0,0,0,0,0,0,0,0,0,0,0,0,0,0,0,2000,12,1,18014469511657539,0,,,2000,1,20,8960,0,0,0,0,0,0,0,0,0,0,0,0,0,0,0,0,2000,12,1,18014469511657539,0,,
N,0,1,06/30/2025 05:09:43,388,0,10,18180,1,0,30000,0,0,0,0,0,0,0,0,0,0,0,0,0,0,1,1,10,18014469511657539,0,,,0,10,0,0,0,30000,0,0,0,0,0,0,0,0,0,0,0,0,0,0,1,1,10,18014469511657539,0,,
N,0,4,06/30/2025 05:09:43,388,2000,1,20,8960,0,0,0,0,0,0,0,0,0,0,0,0,0,0,0,0,2000,12,1,18014469511657539,0,,,2000,1,20,10230,0,0,0,0,0,0,0,0,0,0,0,0,0,0,0,0,2000,12,1,18014469511657539,0,,
N,0,4,06/30/2025 05:09:47,390,2000,1,20,10230,0,0,0,0,0,0,0,0,0,0,0,0,0,0,0,0,2000,12,1,18014469511657539,0,,,2000,1,20,30,0,0,0,0,0,0,0,0,0,0,0,0,0,0,0,0,2000,12,1,18014469511657539,0,,
N,0,4,06/30/2025 05:09:47,390,2000,37,21072,32182,0,0,0,0,0,0,0,0,0,0,0,0,0,0,0,0,2000,12,37,18014469511657539,0,,,2000,37,21072,32233,0,0,0,0,0,0,0,0,0,0,0,0,0,0,0,0,2000,12,37,18014469511657539,0,,
N,0,0,06/30/2025 05:16:21,392,0,20,0,0,0,30000,0,0,0,0,0,0,0,0,0,0,0,0,0,0,0,1,20,18014469511657539,0,,,0,20,18161,1,0,30000,0,0,0,0,0,0,0,0,0,0,0,0,0,0,0,1,20,18014469511657539,0,,
N,0,4,06/30/2025 05:16:40,393,0,4,19924,4,0,30000,0,0,0,0,0,0,0,0,0,0,0,0,0,0,1,1,4,18014469511657539,0,,,0,4,19924,8,0,30000,0,0,0,0,0,0,0,0,0,0,0,0,0,0,1,1,4,18014469511657539,0,,
N,0,0,06/30/2025 05:18:29,394,0,7,0,0,0,30000,0,0,0,0,0,0,0,0,0,0,0,0,0,0,1,1,7,18014469511657539,0,,,0,7,18172,1,0,30000,0,0,0,0,0,0,0,0,0,0,0,0,0,0,1,1,7,18014469511657539,0,,
N,0,0,06/30/2025 05:22:03,395,0,8,0,0,0,30000,0,0,0,0,0,0,0,0,0,0,0,0,0,0,1,1,8,18014469511657539,0,,,0,8,18147,1,0,30000,0,0,0,0,0,0,0,0,0,0,0,0,0,0,1,1,8,18014469511657539,0,,
N,0,0,06/30/2025 05:25:25,396,0,10,0,0,0,30000,0,0,0,0,0,0,0,0,0,0,0,0,0,0,1,1,10,18014469511657539,0,,,0,10,18175,1,0,30000,0,0,0,0,0,0,0,0,0,0,0,0,0,0,1,1,10,18014469511657539,0,,
N,0,0,06/30/2025 05:29:59,397,1,15,0,0,0,30000,0,0,0,0,0,0,0,0,0,0,0,0,0,0,1,1,15,18014469511657539,0,,,1,15,18171,1,0,30000,0,0,0,0,0,0,0,0,0,0,0,0,0,0,1,1,15,18014469511657539,0,,
N,0,0,06/30/2025 05:30:03,398,1,16,0,0,0,30000,0,0,0,0,0,0,0,0,0,0,0,0,0,0,1,1,16,18014469511657539,0,,,1,16,18166,1,0,30000,0,0,0,0,0,0,0,0,0,0,0,0,0,0,1,1,16,18014469511657539,0,,
N,0,4,06/30/2025 05:30:21,399,0,0,4650,530,0,30000,0,0,0,0,0,0,0,0,0,0,0,0,0,0,0,1,0,18014469511657539,0,,,0,0,4650,529,0,30000,0,0,0,0,0,0,0,0,0,0,0,0,0,0,0,1,0,18014469511657539,0,,
N,0,1,06/30/2025 05:30:27,400,0,8,18147,1,0,30000,0,0,0,0,0,0,0,0,0,0,0,0,0,0,1,1,8,18014469511657539,0,,,0,8,0,0,0,30000,0,0,0,0,0,0,0,0,0,0,0,0,0,0,1,1,8,18014469511657539,0,,
N,0,4,06/30/2025 05:30:27,400,2000,1,20,30,0,0,0,0,0,0,0,0,0,0,0,0,0,0,0,0,2000,12,1,18014469511657539,0,,,2000,1,20,1300,0,0,0,0,0,0,0,0,0,0,0,0,0,0,0,0,2000,12,1,18014469511657539,0,,
N,0,1,06/30/2025 05:30:28,402,1,16,18166,1,0,30000,0,0,0,0,0,0,0,0,0,0,0,0,0,0,1,1,16,18014469511657539,0,,,1,16,0,0,0,30000,0,0,0,0,0,0,0,0,0,0,0,0,0,0,1,1,16,18014469511657539,0,,
N,0,4,06/30/2025 05:30:28,402,2000,1,20,1300,0,0,0,0,0,0,0,0,0,0,0,0,0,0,0,0,2000,12,1,18014469511657539,0,,,2000,1,20,2570,0,0,0,0,0,0,0,0,0,0,0,0,0,0,0,0,2000,12,1,18014469511657539,0,,
N,0,1,06/30/2025 05:30:28,404,0,20,18161,1,0,30000,0,0,0,0,0,0,0,0,0,0,0,0,0,0,0,1,20,18014469511657539,0,,,0,20,0,0,0,30000,0,0,0,0,0,0,0,0,0,0,0,0,0,0,0,1,20,18014469511657539,0,,
N,0,4,06/30/2025 05:30:28,404,2000,1,20,2570,0,0,0,0,0,0,0,0,0,0,0,0,0,0,0,0,2000,12,1,18014469511657539,0,,,2000,1,20,3840,0,0,0,0,0,0,0,0,0,0,0,0,0,0,0,0,2000,12,1,18014469511657539,0,,
N,0,1,06/30/2025 05:30:29,406,1,15,18171,1,0,30000,0,0,0,0,0,0,0,0,0,0,0,0,0,0,1,1,15,18014469511657539,0,,,1,15,0,0,0,30000,0,0,0,0,0,0,0,0,0,0,0,0,0,0,1,1,15,18014469511657539,0,,
N,0,4,06/30/2025 05:30:29,406,2000,1,20,3840,0,0,0,0,0,0,0,0,0,0,0,0,0,0,0,0,2000,12,1,18014469511657539,0,,,2000,1,20,5110,0,0,0,0,0,0,0,0,0,0,0,0,0,0,0,0,2000,12,1,18014469511657539,0,,
N,0,1,06/30/2025 05:30:30,408,0,7,18172,1,0,30000,0,0,0,0,0,0,0,0,0,0,0,0,0,0,1,1,7,18014469511657539,0,,,0,7,0,0,0,30000,0,0,0,0,0,0,0,0,0,0,0,0,0,0,1,1,7,18014469511657539,0,,
N,0,4,06/30/2025 05:30:30,408,2000,1,20,5110,0,0,0,0,0,0,0,0,0,0,0,0,0,0,0,0,2000,12,1,18014469511657539,0,,,2000,1,20,6380,0,0,0,0,0,0,0,0,0,0,0,0,0,0,0,0,2000,12,1,18014469511657539,0,,
N,0,1,06/30/2025 05:30:30,410,0,10,18175,1,0,30000,0,0,0,0,0,0,0,0,0,0,0,0,0,0,1,1,10,18014469511657539,0,,,0,10,0,0,0,30000,0,0,0,0,0,0,0,0,0,0,0,0,0,0,1,1,10,18014469511657539,0,,
N,0,4,06/30/2025 05:30:30,410,2000,1,20,6380,0,0,0,0,0,0,0,0,0,0,0,0,0,0,0,0,2000,12,1,18014469511657539,0,,,2000,1,20,7650,0,0,0,0,0,0,0,0,0,0,0,0,0,0,0,0,2000,12,1,18014469511657539,0,,
N,0,4,06/30/2025 05:30:33,412,2000,1,20,7650,0,0,0,0,0,0,0,0,0,0,0,0,0,0,0,0,2000,12,1,18014469511657539,0,,,2000,1,20,50,0,0,0,0,0,0,0,0,0,0,0,0,0,0,0,0,2000,12,1,18014469511657539,0,,
N,0,4,06/30/2025 05:30:33,412,2000,37,21072,32233,0,0,0,0,0,0,0,0,0,0,0,0,0,0,0,0,2000,12,37,18014469511657539,0,,,2000,37,21072,32271,0,0,0,0,0,0,0,0,0,0,0,0,0,0,0,0,2000,12,37,18014469511657539,0,,
N,0,0,06/30/2025 05:37:08,414,0,20,0,0,0,30000,0,0,0,0,0,0,0,0,0,0,0,0,0,0,0,1,20,18014469511657539,0,,,0,20,18180,1,0,30000,0,0,0,0,0,0,0,0,0,0,0,0,0,0,0,1,20,18014469511657539,0,,
N,0,4,06/30/2025 05:37:26,415,2001,0,2,93,0,30000,0,0,0,0,0,0,0,0,0,0,0,0,0,0,2001,13,0,18014469511657539,0,,,2001,0,2,107,0,30000,0,0,0,0,0,0,0,0,0,0,0,0,0,0,2001,13,0,18014469511657539,0,,
N,0,0,06/30/2025 05:42:51,416,0,7,0,0,0,30000,0,0,0,0,0,0,0,0,0,0,0,0,0,0,1,1,7,18014469511657539,0,,,0,7,18163,1,0,30000,0,0,0,0,0,0,0,0,0,0,0,0,0,0,1,1,7,18014469511657539,0,,
N,0,0,06/30/2025 05:50:48,417,0,8,0,0,0,30000,0,0,0,0,0,0,0,0,0,0,0,0,0,0,1,1,8,18014469511657539,0,,,0,8,18147,1,0,30000,0,0,0,0,0,0,0,0,0,0,0,0,0,0,1,1,8,18014469511657539,0,,
N,0,0,06/30/2025 05:50:53,418,0,10,0,0,0,30000,0,0,0,0,0,0,0,0,0,0,0,0,0,0,1,1,10,18014469511657539,0,,,0,10,18123,1,0,30000,0,0,0,0,0,0,0,0,0,0,0,0,0,0,1,1,10,18014469511657539,0,,
N,0,0,06/30/2025 05:50:53,418,1,15,0,0,0,30000,0,0,0,0,0,0,0,0,0,0,0,0,0,0,1,1,15,18014469511657539,0,,,1,15,18134,1,0,30000,0,0,0,0,0,0,0,0,0,0,0,0,0,0,1,1,15,18014469511657539,0,,
N,0,1,06/30/2025 05:51:15,420,0,10,18123,1,0,30000,0,0,0,0,0,0,0,0,0,0,0,0,0,0,1,1,10,18014469511657539,0,,,0,10,0,0,0,30000,0,0,0,0,0,0,0,0,0,0,0,0,0,0,1,1,10,18014469511657539,0,,
N,0,4,06/30/2025 05:51:15,420,2000,1,20,50,0,0,0,0,0,0,0,0,0,0,0,0,0,0,0,0,2000,12,1,18014469511657539,0,,,2000,1,20,1320,0,0,0,0,0,0,0,0,0,0,0,0,0,0,0,0,2000,12,1,18014469511657539,0,,
N,0,1,06/30/2025 05:51:15,422,0,7,18163,1,0,30000,0,0,0,0,0,0,0,0,0,0,0,0,0,0,1,1,7,18014469511657539,0,,,0,7,0,0,0,30000,0,0,0,0,0,0,0,0,0,0,0,0,0,0,1,1,7,18014469511657539,0,,
N,0,4,06/30/2025 05:51:15,422,2000,1,20,1320,0,0,0,0,0,0,0,0,0,0,0,0,0,0,0,0,2000,12,1,18014469511657539,0,,,2000,1,20,2590,0,0,0,0,0,0,0,0,0,0,0,0,0,0,0,0,2000,12,1,18014469511657539,0,,
N,0,1,06/30/2025 05:51:16,424,1,15,18134,1,0,30000,0,0,0,0,0,0,0,0,0,0,0,0,0,0,1,1,15,18014469511657539,0,,,1,15,0,0,0,30000,0,0,0,0,0,0,0,0,0,0,0,0,0,0,1,1,15,18014469511657539,0,,
N,0,4,06/30/2025 05:51:16,424,2000,1,20,2590,0,0,0,0,0,0,0,0,0,0,0,0,0,0,0,0,2000,12,1,18014469511657539,0,,,2000,1,20,3860,0,0,0,0,0,0,0,0,0,0,0,0,0,0,0,0,2000,12,1,18014469511657539,0,,
N,0,1,06/30/2025 05:51:16,426,0,8,18147,1,0,30000,0,0,0,0,0,0,0,0,0,0,0,0,0,0,1,1,8,18014469511657539,0,,,0,8,0,0,0,30000,0,0,0,0,0,0,0,0,0,0,0,0,0,0,1,1,8,18014469511657539,0,,
N,0,4,06/30/2025 05:51:16,426,2000,1,20,3860,0,0,0,0,0,0,0,0,0,0,0,0,0,0,0,0,2000,12,1,18014469511657539,0,,,2000,1,20,5130,0,0,0,0,0,0,0,0,0,0,0,0,0,0,0,0,2000,12,1,18014469511657539,0,,
N,0,1,06/30/2025 05:51:17,428,0,20,18180,1,0,30000,0,0,0,0,0,0,0,0,0,0,0,0,0,0,0,1,20,18014469511657539,0,,,0,20,0,0,0,30000,0,0,0,0,0,0,0,0,0,0,0,0,0,0,0,1,20,18014469511657539,0,,
N,0,4,06/30/2025 05:51:17,428,2000,1,20,5130,0,0,0,0,0,0,0,0,0,0,0,0,0,0,0,0,2000,12,1,18014469511657539,0,,,2000,1,20,6400,0,0,0,0,0,0,0,0,0,0,0,0,0,0,0,0,2000,12,1,18014469511657539,0,,
N,0,4,06/30/2025 05:51:20,430,2000,37,21072,32271,0,0,0,0,0,0,0,0,0,0,0,0,0,0,0,0,2000,12,37,18014469511657539,0,,,2000,37,21072,32303,0,0,0,0,0,0,0,0,0,0,0,0,0,0,0,0,2000,12,37,18014469511657539,0,,
N,0,4,06/30/2025 05:58:20,431,2001,10,12,426,0,30000,0,0,0,0,0,0,0,0,0,0,0,0,0,0,2001,13,10,18014469511657539,0,,,2001,10,12,436,0,30000,0,0,0,0,0,0,0,0,0,0,0,0,0,0,2001,13,10,18014469511657539,0,,
N,0,0,06/30/2025 06:00:15,432,0,20,0,0,0,30000,0,0,0,0,0,0,0,0,0,0,0,0,0,0,0,1,20,18014469511657539,0,,,0,20,18171,1,0,30000,0,0,0,0,0,0,0,0,0,0,0,0,0,0,0,1,20,18014469511657539,0,,
N,0,0,06/30/2025 06:03:45,433,0,7,0,0,0,30000,0,0,0,0,0,0,0,0,0,0,0,0,0,0,1,1,7,18014469511657539,0,,,0,7,18133,1,0,30000,0,0,0,0,0,0,0,0,0,0,0,0,0,0,1,1,7,18014469511657539,0,,
N,0,0,06/30/2025 06:06:12,434,0,8,0,0,0,30000,0,0,0,0,0,0,0,0,0,0,0,0,0,0,1,1,8,18014469511657539,0,,,0,8,18181,1,0,30000,0,0,0,0,0,0,0,0,0,0,0,0,0,0,1,1,8,18014469511657539,0,,
N,0,4,06/30/2025 06:07:19,435,0,0,4650,529,0,30000,0,0,0,0,0,0,0,0,0,0,0,0,0,0,0,1,0,18014469511657539,0,,,0,0,4650,528,0,30000,0,0,0,0,0,0,0,0,0,0,0,0,0,0,0,1,0,18014469511657539,0,,
N,0,0,06/30/2025 06:14:57,436,0,10,0,0,0,30000,0,0,0,0,0,0,0,0,0,0,0,0,0,0,1,1,10,18014469511657539,0,,,0,10,41945,1,0,30000,0,0,0,0,0,0,0,0,0,0,0,0,0,0,1,1,10,18014469511657539,0,,
N,0,0,06/30/2025 06:16:53,437,1,15,0,0,0,30000,0,0,0,0,0,0,0,0,0,0,0,0,0,0,1,1,15,18014469511657539,0,,,1,15,41981,1,0,30000,0,0,0,0,0,0,0,0,0,0,0,0,0,0,1,1,15,18014469511657539,0,,
N,0,0,06/30/2025 06:18:20,438,1,16,0,0,0,30000,0,0,0,0,0,0,0,0,0,0,0,0,0,0,1,1,16,18014469511657539,0,,,1,16,41975,1,0,30000,0,0,0,0,0,0,0,0,0,0,0,0,0,0,1,1,16,18014469511657539,0,,
N,0,0,06/30/2025 06:22:48,439,1,17,0,0,0,30000,0,0,0,0,0,0,0,0,0,0,0,0,0,0,1,1,17,18014469511657539,0,,,1,17,41943,1,0,30000,0,0,0,0,0,0,0,0,0,0,0,0,0,0,1,1,17,18014469511657539,0,,
N,0,0,06/30/2025 06:27:07,440,1,18,0,0,0,30000,0,0,0,0,0,0,0,0,0,0,0,0,0,0,1,1,18,18014469511657539,0,,,1,18,41973,1,0,30000,0,0,0,0,0,0,0,0,0,0,0,0,0,0,1,1,18,18014469511657539,0,,
N,0,0,06/30/2025 06:31:13,441,1,0,0,0,0,0,0,0,0,0,0,0,0,0,0,0,0,0,0,0,1,1,19,0,0,,,1,19,41915,1,0,30000,0,0,0,0,0,0,0,0,0,0,0,0,0,0,1,1,19,18014469511657539,0,,
N,0,4,06/30/2025 06:31:31,442,0,0,4650,528,0,30000,0,0,0,0,0,0,0,0,0,0,0,0,0,0,0,1,0,18014469511657539,0,,,0,0,4650,527,0,30000,0,0,0,0,0,0,0,0,0,0,0,0,0,0,0,1,0,18014469511657539,0,,
N,0,1,06/30/2025 06:31:38,443,1,19,41915,1,0,30000,0,0,0,0,0,0,0,0,0,0,0,0,0,0,1,1,19,18014469511657539,0,,,1,19,0,0,0,30000,0,0,0,0,0,0,0,0,0,0,0,0,0,0,1,1,19,18014469511657539,0,,
N,0,4,06/30/2025 06:31:38,443,2000,1,20,6400,0,0,0,0,0,0,0,0,0,0,0,0,0,0,0,0,2000,12,1,18014469511657539,0,,,2000,1,20,1979,0,0,0,0,0,0,0,0,0,0,0,0,0,0,0,0,2000,12,1,18014469511657539,0,,
N,0,1,06/30/2025 06:31:39,445,0,10,41945,1,0,30000,0,0,0,0,0,0,0,0,0,0,0,0,0,0,1,1,10,18014469511657539,0,,,0,10,0,0,0,30000,0,0,0,0,0,0,0,0,0,0,0,0,0,0,1,1,10,18014469511657539,0,,
N,0,4,06/30/2025 06:31:39,445,2000,1,20,1979,0,0,0,0,0,0,0,0,0,0,0,0,0,0,0,0,2000,12,1,18014469511657539,0,,,2000,1,20,3958,0,0,0,0,0,0,0,0,0,0,0,0,0,0,0,0,2000,12,1,18014469511657539,0,,
N,0,1,06/30/2025 06:31:39,447,1,17,41943,1,0,30000,0,0,0,0,0,0,0,0,0,0,0,0,0,0,1,1,17,18014469511657539,0,,,1,17,0,0,0,30000,0,0,0,0,0,0,0,0,0,0,0,0,0,0,1,1,17,18014469511657539,0,,
N,0,4,06/30/2025 06:31:39,447,2000,1,20,3958,0,0,0,0,0,0,0,0,0,0,0,0,0,0,0,0,2000,12,1,18014469511657539,0,,,2000,1,20,5937,0,0,0,0,0,0,0,0,0,0,0,0,0,0,0,0,2000,12,1,18014469511657539,0,,
N,0,1,06/30/2025 06:31:40,449,1,18,41973,1,0,30000,0,0,0,0,0,0,0,0,0,0,0,0,0,0,1,1,18,18014469511657539,0,,,1,18,0,0,0,30000,0,0,0,0,0,0,0,0,0,0,0,0,0,0,1,1,18,18014469511657539,0,,
N,0,4,06/30/2025 06:31:40,449,2000,1,20,5937,0,0,0,0,0,0,0,0,0,0,0,0,0,0,0,0,2000,12,1,18014469511657539,0,,,2000,1,20,7916,0,0,0,0,0,0,0,0,0,0,0,0,0,0,0,0,2000,12,1,18014469511657539,0,,
N,0,1,06/30/2025 06:31:41,451,1,16,41975,1,0,30000,0,0,0,0,0,0,0,0,0,0,0,0,0,0,1,1,16,18014469511657539,0,,,1,16,0,0,0,30000,0,0,0,0,0,0,0,0,0,0,0,0,0,0,1,1,16,18014469511657539,0,,
N,0,4,06/30/2025 06:31:41,451,2000,1,20,7916,0,0,0,0,0,0,0,0,0,0,0,0,0,0,0,0,2000,12,1,18014469511657539,0,,,2000,1,20,9895,0,0,0,0,0,0,0,0,0,0,0,0,0,0,0,0,2000,12,1,18014469511657539,0,,
N,0,1,06/30/2025 06:31:41,453,1,15,41981,1,0,30000,0,0,0,0,0,0,0,0,0,0,0,0,0,0,1,1,15,18014469511657539,0,,,1,15,0,0,0,30000,0,0,0,0,0,0,0,0,0,0,0,0,0,0,1,1,15,18014469511657539,0,,
N,0,4,06/30/2025 06:31:41,453,2000,1,20,9895,0,0,0,0,0,0,0,0,0,0,0,0,0,0,0,0,2000,12,1,18014469511657539,0,,,2000,1,20,11874,0,0,0,0,0,0,0,0,0,0,0,0,0,0,0,0,2000,12,1,18014469511657539,0,,
N,0,1,06/30/2025 06:31:42,455,0,7,18133,1,0,30000,0,0,0,0,0,0,0,0,0,0,0,0,0,0,1,1,7,18014469511657539,0,,,0,7,0,0,0,30000,0,0,0,0,0,0,0,0,0,0,0,0,0,0,1,1,7,18014469511657539,0,,
N,0,4,06/30/2025 06:31:42,455,2000,1,20,11874,0,0,0,0,0,0,0,0,0,0,0,0,0,0,0,0,2000,12,1,18014469511657539,0,,,2000,1,20,13144,0,0,0,0,0,0,0,0,0,0,0,0,0,0,0,0,2000,12,1,18014469511657539,0,,
N,0,1,06/30/2025 06:31:43,457,0,20,18171,1,0,30000,0,0,0,0,0,0,0,0,0,0,0,0,0,0,0,1,20,18014469511657539,0,,,0,20,0,0,0,30000,0,0,0,0,0,0,0,0,0,0,0,0,0,0,0,1,20,18014469511657539,0,,
N,0,4,06/30/2025 06:31:43,457,2000,1,20,13144,0,0,0,0,0,0,0,0,0,0,0,0,0,0,0,0,2000,12,1,18014469511657539,0,,,2000,1,20,14414,0,0,0,0,0,0,0,0,0,0,0,0,0,0,0,0,2000,12,1,18014469511657539,0,,
N,0,1,06/30/2025 06:31:43,459,0,8,18181,1,0,30000,0,0,0,0,0,0,0,0,0,0,0,0,0,0,1,1,8,18014469511657539,0,,,0,8,0,0,0,30000,0,0,0,0,0,0,0,0,0,0,0,0,0,0,1,1,8,18014469511657539,0,,
N,0,4,06/30/2025 06:31:43,459,2000,1,20,14414,0,0,0,0,0,0,0,0,0,0,0,0,0,0,0,0,2000,12,1,18014469511657539,0,,,2000,1,20,15684,0,0,0,0,0,0,0,0,0,0,0,0,0,0,0,0,2000,12,1,18014469511657539,0,,
N,0,4,06/30/2025 06:31:47,461,2000,1,20,15684,0,0,0,0,0,0,0,0,0,0,0,0,0,0,0,0,2000,12,1,18014469511657539,0,,,2000,1,20,84,0,0,0,0,0,0,0,0,0,0,0,0,0,0,0,0,2000,12,1,18014469511657539,0,,
N,0,4,06/30/2025 06:31:47,461,2000,37,21072,32303,0,0,0,0,0,0,0,0,0,0,0,0,0,0,0,0,2000,12,37,18014469511657539,0,,,2000,37,21072,32381,0,0,0,0,0,0,0,0,0,0,0,0,0,0,0,0,2000,12,37,18014469511657539,0,,
N,0,4,06/30/2025 08:02:29,463,0,0,4650,527,0,30000,0,0,0,0,0,0,0,0,0,0,0,0,0,0,0,1,0,18014469511657539,0,,,0,0,4650,526,0,30000,0,0,0,0,0,0,0,0,0,0,0,0,0,0,0,1,0,18014469511657539,0,,
N,0,4,06/30/2025 08:02:39,464,2000,0,1,52193272,0,0,0,0,0,0,0,0,0,0,0,0,0,0,0,0,2000,12,0,18014469511657539,0,,,2000,0,1,52191932,0,0,0,0,0,0,0,0,0,0,0,0,0,0,0,0,2000,12,0,18014469511657539,0,,
N,0,4,06/30/2025 08:02:51,465,2000,0,1,52191932,0,0,0,0,0,0,0,0,0,0,0,0,0,0,0,0,2000,12,0,18014469511657539,0,,,2000,0,1,52183132,0,0,0,0,0,0,0,0,0,0,0,0,0,0,0,0,2000,12,0,18014469511657539,0,,
N,0,4,06/30/2025 08:02:57,466,2000,0,1,52183132,0,0,0,0,0,0,0,0,0,0,0,0,0,0,0,0,2000,12,0,18014469511657539,0,,,2000,0,1,52181792,0,0,0,0,0,0,0,0,0,0,0,0,0,0,0,0,2000,12,0,18014469511657539,0,,
N,0,4,06/30/2025 09:33:29,467,0,0,4650,526,0,30000,0,0,0,0,0,0,0,0,0,0,0,0,0,0,0,1,0,18014469511657539,0,,,0,0,4650,525,0,30000,0,0,0,0,0,0,0,0,0,0,0,0,0,0,0,1,0,18014469511657539,0,,
N,0,4,06/30/2025 09:33:38,468,2000,0,1,52181792,0,0,0,0,0,0,0,0,0,0,0,0,0,0,0,0,2000,12,0,18014469511657539,0,,,2000,0,1,52180452,0,0,0,0,0,0,0,0,0,0,0,0,0,0,0,0,2000,12,0,18014469511657539,0,,
N,0,4,06/30/2025 09:33:48,469,2000,0,1,52180452,0,0,0,0,0,0,0,0,0,0,0,0,0,0,0,0,2000,12,0,18014469511657539,0,,,2000,0,1,52171652,0,0,0,0,0,0,0,0,0,0,0,0,0,0,0,0,2000,12,0,18014469511657539,0,,
N,0,4,06/30/2025 09:33:55,470,2000,0,1,52171652,0,0,0,0,0,0,0,0,0,0,0,0,0,0,0,0,2000,12,0,18014469511657539,0,,,2000,0,1,52170312,0,0,0,0,0,0,0,0,0,0,0,0,0,0,0,0,2000,12,0,18014469511657539,0,,
N,0,0,06/30/2025 09:46:43,471,0,20,0,0,0,30000,0,0,0,0,0,0,0,0,0,0,0,0,0,0,0,1,20,18014469511657539,0,,,0,20,42291,1,0,30000,0,0,0,0,0,0,0,0,0,0,0,0,0,0,0,1,20,18014469511657539,0,,
N,0,0,06/30/2025 09:49:47,472,0,7,0,0,0,30000,0,0,0,0,0,0,0,0,0,0,0,0,0,0,1,1,7,18014469511657539,0,,,0,7,42285,1,0,30000,0,0,0,0,0,0,0,0,0,0,0,0,0,0,1,1,7,18014469511657539,0,,
N,0,0,06/30/2025 09:53:09,473,0,8,0,0,0,30000,0,0,0,0,0,0,0,0,0,0,0,0,0,0,1,1,8,18014469511657539,0,,,0,8,42265,1,0,30000,0,0,0,0,0,0,0,0,0,0,0,0,0,0,1,1,8,18014469511657539,0,,
N,0,0,06/30/2025 09:54:55,474,0,10,0,0,0,30000,0,0,0,0,0,0,0,0,0,0,0,0,0,0,1,1,10,18014469511657539,0,,,0,10,42289,1,0,30000,0,0,0,0,0,0,0,0,0,0,0,0,0,0,1,1,10,18014469511657539,0,,
N,0,0,06/30/2025 09:56:14,475,1,15,0,0,0,30000,0,0,0,0,0,0,0,0,0,0,0,0,0,0,1,1,15,18014469511657539,0,,,1,15,42278,1,0,30000,0,0,0,0,0,0,0,0,0,0,0,0,0,0,1,1,15,18014469511657539,0,,
