1,0,38956,636,0,30000,1,0,0,0,0,0,0,0,0,0,0,0,0,0,1,0,19014409516066930,0,,
3,1,23168,5,0,30000,1,0,0,0,0,0,0,0,0,0,0,0,0,0,1,1,19014409516066930,0,,
2,2,12669,546,0,30000,0,0,0,0,0,0,0,0,0,0,0,0,0,0,1,2,19014409516066930,0,,
0,3,36115,999,0,30000,1,0,0,0,0,0,0,0,0,0,0,0,0,0,1,3,19014409516066930,0,,
0,4,36115,999,0,30000,1,0,0,0,0,0,0,0,0,0,0,0,0,0,1,4,19014409516066930,0,,
0,5,36115,999,0,30000,1,0,0,0,0,0,0,0,0,0,0,0,0,0,1,5,19014409516066930,0,,
0,6,36545,6,0,30000,0,0,0,0,0,0,0,0,0,0,0,0,0,0,1,6,19014409516066930,0,,
0,7,36116,136,0,30000,1,0,0,0,0,0,0,0,0,0,0,0,0,0,1,7,19014409516066930,0,,
1,8,39872,771,0,30000,1,0,0,0,0,0,0,0,0,0,0,0,0,0,1,8,19014409516066930,0,,
2,9,39876,325,0,30000,1,0,0,0,0,0,0,0,0,0,0,0,0,0,1,9,19014409516066930,0,,
1,10,38929,349,0,30000,1,0,0,0,0,0,0,0,0,0,0,0,0,0,1,10,19014409516066930,0,,
3,11,38930,54,0,30000,1,0,0,0,0,0,0,0,0,0,0,0,0,0,1,11,19014409516066930,0,,
1,12,37282,154,0,30000,1,0,0,0,0,0,0,0,0,0,0,0,0,0,1,12,19014409516066930,0,,
0,13,36053,230,0,30000,1,0,0,0,0,0,0,0,0,0,0,0,0,0,1,13,19014409516066930,0,,
1,14,30482,89,0,30000,1,0,0,0,0,0,0,0,0,0,0,0,0,0,1,14,19014409516066930,0,,
3,15,7569,895,0,30000,0,0,0,0,0,0,0,0,0,0,0,0,0,0,1,15,19014409516066930,0,,
0,16,17837,778,0,30000,0,0,0,0,0,0,0,0,0,0,0,0,0,0,1,16,19014409516066930,0,,
0,17,33916,872,0,30000,0,0,0,0,0,0,0,0,0,0,0,0,0,0,1,17,19014409516066930,0,,
1,18,36593,828,0,30000,0,0,0,0,0,0,0,0,0,0,0,0,0,0,1,18,19014409516066930,0,,
0,19,27462,35,0,30000,0,0,0,0,0,0,0,0,0,0,0,0,0,0,1,19,19014409516066930,0,,
0,20,36115,999,0,30000,1,0,0,0,0,0,0,0,0,0,0,0,0,0,1,20,19014409516066930,0,,
0,21,36115,466,0,30000,1,0,0,0,0,0,0,0,0,0,0,0,0,0,1,21,19014409516066930,0,,
0,22,19853,724,0,30000,0,0,0,0,0,0,0,0,0,0,0,0,0,0,1,22,19014409516066930,0,,
0,23,19853,999,0,30000,0,0,0,0,0,0,0,0,0,0,0,0,0,0,1,23,19014409516066930,0,,
0,24,19853,999,0,30000,0,0,0,0,0,0,0,0,0,0,0,0,0,0,1,24,19014409516066930,0,,
0,25,19853,999,0,30000,0,0,0,0,0,0,0,0,0,0,0,0,0,0,1,25,19014409516066930,0,,
0,26,19853,999,0,30000,0,0,0,0,0,0,0,0,0,0,0,0,0,0,1,26,19014409516066930,0,,
0,27,36115,999,0,30000,1,0,0,0,0,0,0,0,0,0,0,0,0,0,1,27,19014409516066930,0,,
0,28,5267,1,0,30000,0,0,0,0,0,0,0,0,0,0,0,0,0,0,1,28,19014409516066930,0,,
0,29,36115,999,0,30000,1,0,0,0,0,0,0,0,0,0,0,0,0,0,1,29,19014409516066930,0,,
1,31,36263,195,0,30000,0,0,0,0,0,0,0,0,0,0,0,0,0,0,1,31,19014409516066930,0,,
1,32,36263,999,0,30000,0,0,0,0,0,0,0,0,0,0,0,0,0,0,1,32,19014409516066930,0,,
1,33,36263,999,0,30000,0,0,0,0,0,0,0,0,0,0,0,0,0,0,1,33,19014409516066930,0,,
1,34,36263,999,0,30000,0,0,0,0,0,0,0,0,0,0,0,0,0,0,1,34,19014409516066930,0,,
1,0,36263,999,0,30000,0,0,0,0,0,0,0,0,0,0,0,0,0,1,1,0,19014409516066930,0,,
1,1,36263,999,0,30000,0,0,0,0,0,0,0,0,0,0,0,0,0,1,1,1,19014409516066930,0,,
1,2,36263,999,0,30000,0,0,0,0,0,0,0,0,0,0,0,0,0,1,1,2,19014409516066930,0,,
1,3,36263,999,0,30000,0,0,0,0,0,0,0,0,0,0,0,0,0,1,1,3,19014409516066930,0,,
1,4,36263,999,0,30000,0,0,0,0,0,0,0,0,0,0,0,0,0,1,1,4,19014409516066930,0,,
2,6,36263,137,0,30000,0,0,0,0,0,0,0,0,0,0,0,0,0,1,1,6,19014409516066930,0,,
1,10,27783,868,0,30000,0,0,0,0,0,0,0,0,0,0,0,0,0,1,1,10,19014409516066930,0,,
1,11,27783,999,0,30000,0,0,0,0,0,0,0,0,0,0,0,0,0,1,1,11,19014409516066930,0,,
1,12,27783,999,0,30000,0,0,0,0,0,0,0,0,0,0,0,0,0,1,1,12,19014409516066930,0,,
1,13,27783,999,0,30000,0,0,0,0,0,0,0,0,0,0,0,0,0,1,1,13,19014409516066930,0,,
1,14,27783,999,0,30000,0,0,0,0,0,0,0,0,0,0,0,0,0,1,1,14,19014409516066930,0,,
1,16,27783,158,0,30000,0,0,0,0,0,0,0,0,0,0,0,0,0,1,1,16,19014409516066930,0,,
1,19,36260,114,0,30000,0,0,0,0,0,0,0,0,0,0,0,0,0,1,1,19,19014409516066930,0,,
1,20,36260,999,0,30000,0,0,0,0,0,0,0,0,0,0,0,0,0,1,1,20,19014409516066930,0,,
1,21,36260,999,0,30000,0,0,0,0,0,0,0,0,0,0,0,0,0,1,1,21,19014409516066930,0,,
1,23,36260,498,0,30000,0,0,0,0,0,0,0,0,0,0,0,0,0,1,1,23,19014409516066930,0,,
0,24,7766,417,0,30000,0,0,0,0,0,0,0,0,0,0,0,0,0,1,1,24,19014409516066930,0,,
0,25,16026,49,0,30000,0,0,0,0,0,0,0,0,0,0,0,0,0,1,1,25,19014409516066930,0,,
0,26,4868,711,0,30000,0,0,0,0,0,0,0,0,0,0,0,0,0,1,1,26,19014409516066930,0,,
0,28,10155,180,0,30000,0,0,0,0,0,0,0,0,0,0,0,0,0,1,1,28,19014409516066930,0,,
0,29,10373,666,0,30000,0,0,0,0,0,0,0,0,0,0,0,0,0,1,1,29,19014409516066930,0,,
0,30,24222,5,0,30000,0,0,0,0,0,0,0,0,0,0,0,0,0,1,1,30,19014409516066930,0,,
1,31,9773,1,0,30000,0,0,0,0,0,0,0,0,0,0,0,0,0,1,1,31,19014409516066930,0,,
0,32,29712,1,0,30000,0,0,0,0,0,0,0,0,0,0,0,0,0,1,1,32,19014409516066930,0,,
0,33,38633,1,0,30000,0,0,0,0,0,0,0,0,0,0,0,0,0,1,1,33,19014409516066930,0,,
3,34,19770,8,0,30000,0,0,0,0,0,0,0,0,0,0,0,0,0,1,1,34,19014409516066930,0,,
0,0,22501,10,0,30000,0,0,0,0,0,0,0,0,0,0,0,0,0,2,1,0,19014409516066930,0,,
0,1,22500,10,0,30000,0,0,0,0,0,0,0,0,0,0,0,0,0,2,1,1,19014409516066930,0,,
0,3,10099,10,0,30000,0,0,0,0,0,0,0,0,0,0,0,0,0,2,1,3,19014409516066930,0,,
1,4,5722,13,0,30000,0,25,0,0,0,0,3,0,0,0,0,0,0,2,1,4,19014409516066930,0,,
1,5,9733,1,0,30000,0,0,0,0,0,0,0,0,0,0,0,0,0,2,1,5,19014409516066930,0,,
1,6,9733,1,0,30000,0,0,0,0,0,0,0,0,0,0,0,0,0,2,1,6,19014409516066930,0,,
1,7,9733,1,0,30000,0,0,0,0,0,0,0,0,0,0,0,0,0,2,1,7,19014409516066930,0,,
2,9,23222,3,0,30000,0,0,0,0,0,0,0,0,0,0,0,0,0,2,1,9,19014409516066930,0,,
2,10,22502,5,0,30000,0,0,0,0,0,0,0,0,0,0,0,0,0,2,1,10,19014409516066930,0,,
2,15,12545,27,0,30000,0,0,0,0,0,0,0,0,0,0,0,0,0,2,1,15,19014409516066930,0,,
2,16,5187,27,0,30000,0,0,0,0,0,0,0,0,0,0,0,0,0,2,1,16,19014409516066930,0,,
2,17,22503,5,0,30000,0,0,0,0,0,0,0,0,0,0,0,0,0,2,1,17,19014409516066930,0,,
1000,0,38896,1,7533,38012,1,21,21,23,23,22,9,9,8,8,8,0,31720,1000,6,0,19014409516066930,0,,
1000,1,38907,1,2763,49066,1,21,21,23,23,22,9,9,8,8,8,0,0,1000,6,1,19014409516066930,0,,
1000,2,38911,1,7887,26422,1,21,21,21,23,22,9,9,9,8,8,0,14972,1000,6,2,19014409516066930,0,,
1000,3,38912,1,8241,36139,1,21,21,21,21,23,9,9,9,8,8,0,30052,1000,6,3,19014409516066930,0,,
1000,4,38913,1,8033,27296,1,21,21,21,23,23,9,9,9,8,8,0,14974,1000,6,4,19014409516066930,0,,
1000,6,38914,1,8216,27610,1,23,23,22,23,23,9,9,9,8,8,0,16594,1000,6,6,19014409516066930,0,,
1000,7,38915,1,8090,26918,1,23,23,22,23,23,9,9,9,8,8,0,14976,1000,6,7,19014409516066930,0,,
1000,8,38921,1,7781,40067,1,23,23,23,22,22,9,9,8,8,8,0,9293,1000,6,8,19014409516066930,0,,
1000,9,38922,1,8614,37457,1,23,23,23,22,22,9,9,8,8,8,0,9292,1000,6,9,19014409516066930,0,,
1000,10,38923,1,8310,39106,1,23,23,23,22,22,9,9,8,8,8,0,9294,1000,6,10,19014409516066930,0,,
1000,11,38924,1,7833,38249,1,23,21,21,21,22,9,9,8,8,8,0,9295,1000,6,11,19014409516066930,0,,
1000,12,38924,1,7836,36324,1,23,21,21,21,22,9,9,8,8,8,0,9295,1000,6,12,19014409516066930,0,,
1000,13,10343,1,0,30000,0,0,0,0,0,0,0,0,0,0,0,0,0,1000,6,13,19014409516066930,0,,
2000,0,1,118881112,0,30000,0,0,0,0,0,0,0,0,0,0,0,0,0,2000,12,0,19014409516066930,0,,
2000,3,22,89043,0,30000,0,0,0,0,0,0,0,0,0,0,0,0,0,2000,12,3,19014409516066930,0,,
2000,4,25,25,0,30000,0,0,0,0,0,0,0,0,0,0,0,0,0,2000,12,4,19014409516066930,0,,
2000,5,45,393,0,30000,0,0,0,0,0,0,0,0,0,0,0,0,0,2000,12,5,19014409516066930,0,,
2000,6,28,664,0,30000,0,0,0,0,0,0,0,0,0,0,0,0,0,2000,12,6,19014409516066930,0,,
2000,7,44,1145,0,30000,0,0,0,0,0,0,0,0,0,0,0,0,0,2000,12,7,19014409516066930,0,,
2000,8,27,2580,0,30000,0,0,0,0,0,0,0,0,0,0,0,0,0,2000,12,8,19014409516066930,0,,
2000,9,29,2689132,0,30000,0,0,0,0,0,0,0,0,0,0,0,0,0,2000,12,9,19014409516066930,0,,
2000,12,10307,2663,0,0,0,0,0,0,0,0,0,0,0,0,0,0,0,2000,12,12,19014409516066930,0,,
2000,17,17833,1452,0,0,0,0,0,0,0,0,0,0,0,0,0,0,0,2000,12,17,19014409516066930,0,,
2000,18,17834,20,0,0,0,0,0,0,0,0,0,0,0,0,0,0,0,2000,12,18,19014409516066930,0,,
2000,19,21072,18233,0,0,0,0,0,0,0,0,0,0,0,0,0,0,0,2000,12,19,19014409516066930,0,,
2000,20,21073,63,0,0,0,0,0,0,0,0,0,0,0,0,0,0,0,2000,12,20,19014409516066930,0,,
2000,21,21074,123,0,0,0,0,0,0,0,0,0,0,0,0,0,0,0,2000,12,21,19014409516066930,0,,
2000,22,21075,26,0,0,0,0,0,0,0,0,0,0,0,0,0,0,0,2000,12,22,19014409516066930,0,,
2000,23,21076,26,0,0,0,0,0,0,0,0,0,0,0,0,0,0,0,2000,12,23,19014409516066930,0,,
2000,24,21077,26,0,0,0,0,0,0,0,0,0,0,0,0,0,0,0,2000,12,24,19014409516066930,0,,
2000,25,21078,12,0,0,0,0,0,0,0,0,0,0,0,0,0,0,0,2000,12,25,19014409516066930,0,,
2000,26,21079,81,0,0,0,0,0,0,0,0,0,0,0,0,0,0,0,2000,12,26,19014409516066930,0,,
2000,27,21080,251,0,0,0,0,0,0,0,0,0,0,0,0,0,0,0,2000,12,27,19014409516066930,0,,
2000,28,21081,89,0,0,0,0,0,0,0,0,0,0,0,0,0,0,0,2000,12,28,19014409516066930,0,,
2000,29,21172,152,0,0,0,0,0,0,0,0,0,0,0,0,0,0,0,2000,12,29,19014409516066930,0,,
2000,30,21935,89,0,0,0,0,0,0,0,0,0,0,0,0,0,0,0,2000,12,30,19014409516066930,0,,
2000,31,22525,89,0,0,0,0,0,0,0,0,0,0,0,0,0,0,0,2000,12,31,19014409516066930,0,,
2000,32,25199,1236,0,0,0,0,0,0,0,0,0,0,0,0,0,0,0,2000,12,32,19014409516066930,0,,
2000,33,25200,3,0,0,0,0,0,0,0,0,0,0,0,0,0,0,0,2000,12,33,19014409516066930,0,,
2000,34,26533,2553,0,0,0,0,0,0,0,0,0,0,0,0,0,0,0,2000,12,34,19014409516066930,0,,
2000,35,26807,712,0,0,0,0,0,0,0,0,0,0,0,0,0,0,0,2000,12,35,19014409516066930,0,,
2000,36,28063,296,0,0,0,0,0,0,0,0,0,0,0,0,0,0,0,2000,12,36,19014409516066930,0,,
2000,37,28186,61,0,0,0,0,0,0,0,0,0,0,0,0,0,0,0,2000,12,37,19014409516066930,0,,
2000,38,28187,71,0,0,0,0,0,0,0,0,0,0,0,0,0,0,0,2000,12,38,19014409516066930,0,,
2000,39,28188,64,0,0,0,0,0,0,0,0,0,0,0,0,0,0,0,2000,12,39,19014409516066930,0,,
2000,40,30341,310,0,0,0,0,0,0,0,0,0,0,0,0,0,0,0,2000,12,40,19014409516066930,0,,
2000,41,33913,908,0,0,0,0,0,0,0,0,0,0,0,0,0,0,0,2000,12,41,19014409516066930,0,,
2000,42,33914,1260,0,0,0,0,0,0,0,0,0,0,0,0,0,0,0,2000,12,42,19014409516066930,0,,
2000,43,36656,13000,0,0,0,0,0,0,0,0,0,0,0,0,0,0,0,2000,12,43,19014409516066930,0,,
2000,44,36657,46,0,0,0,0,0,0,0,0,0,0,0,0,0,0,0,2000,12,44,19014409516066930,0,,
2000,45,37854,76,0,0,0,0,0,0,0,0,0,0,0,0,0,0,0,2000,12,45,19014409516066930,0,,
2000,46,38534,92,0,0,0,0,0,0,0,0,0,0,0,0,0,0,0,2000,12,46,19014409516066930,0,,
2000,47,38952,90,0,0,0,0,0,0,0,0,0,0,0,0,0,0,0,2000,12,47,19014409516066930,0,,
2000,48,39885,44,0,0,0,0,0,0,0,0,0,0,0,0,0,0,0,2000,12,48,19014409516066930,0,,
2001,0,2,1973,0,30000,0,0,0,0,0,0,0,0,0,0,0,0,0,2001,13,0,19014409516066930,0,,
2001,1,3,3038,0,30000,0,0,0,0,0,0,0,0,0,0,0,0,0,2001,13,1,19014409516066930,0,,
2001,2,4,1163,0,30000,0,0,0,0,0,0,0,0,0,0,0,0,0,2001,13,2,19014409516066930,0,,
2001,3,5,5400,0,30000,0,0,0,0,0,0,0,0,0,0,0,0,0,2001,13,3,19014409516066930,0,,
2001,4,6,1714,0,30000,0,0,0,0,0,0,0,0,0,0,0,0,0,2001,13,4,19014409516066930,0,,
2001,5,7,4411,0,30000,0,0,0,0,0,0,0,0,0,0,0,0,0,2001,13,5,19014409516066930,0,,
2001,6,8,3403,0,30000,0,0,0,0,0,0,0,0,0,0,0,0,0,2001,13,6,19014409516066930,0,,
2001,7,9,454,0,30000,0,0,0,0,0,0,0,0,0,0,0,0,0,2001,13,7,19014409516066930,0,,
2001,8,10,1742,0,30000,0,0,0,0,0,0,0,0,0,0,0,0,0,2001,13,8,19014409516066930,0,,
2001,9,11,4591,0,30000,0,0,0,0,0,0,0,0,0,0,0,0,0,2001,13,9,19014409516066930,0,,
2001,10,12,5718,0,30000,0,0,0,0,0,0,0,0,0,0,0,0,0,2001,13,10,19014409516066930,0,,
2001,11,13,5160,0,30000,0,0,0,0,0,0,0,0,0,0,0,0,0,2001,13,11,19014409516066930,0,,
2001,12,14,421,0,30000,0,0,0,0,0,0,0,0,0,0,0,0,0,2001,13,12,19014409516066930,0,,
2001,13,15,2329,0,30000,0,0,0,0,0,0,0,0,0,0,0,0,0,2001,13,13,19014409516066930,0,,
2001,14,16,1086,0,30000,0,0,0,0,0,0,0,0,0,0,0,0,0,2001,13,14,19014409516066930,0,,
2001,15,17,4439,0,30000,0,0,0,0,0,0,0,0,0,0,0,0,0,2001,13,15,19014409516066930,0,,
2001,16,18,1376,0,30000,0,0,0,0,0,0,0,0,0,0,0,0,0,2001,13,16,19014409516066930,0,,
2001,17,19,2326,0,30000,0,0,0,0,0,0,0,0,0,0,0,0,0,2001,13,17,19014409516066930,0,,
0,0,2897,1,0,0,0,0,0,0,0,0,0,0,0,0,0,0,0,2500,11,0,19014409516066930,0,,
0,1,3220,1,0,0,0,0,0,0,0,0,0,0,0,0,0,0,0,2500,11,1,19014409516066930,0,,
0,2,3458,1,0,0,0,0,0,0,0,0,0,0,0,0,0,0,0,2500,11,2,19014409516066930,0,,
0,3,3682,1,0,0,0,0,0,0,0,0,0,0,0,0,0,0,0,2500,11,3,19014409516066930,0,,
0,4,3889,1,0,0,0,0,0,0,0,0,0,0,0,0,0,0,0,2500,11,4,19014409516066930,0,,
0,26,3225,1,0,0,0,0,0,0,0,0,0,0,0,0,0,0,0,2500,11,26,19014409516066930,0,,
0,127,3227,1,0,0,0,0,0,0,0,0,0,0,0,0,0,0,0,2500,11,127,19014409516066930,0,,
0,131,2905,1,0,0,0,0,0,0,0,0,0,0,0,0,0,0,0,2500,11,131,19014409516066930,0,,
0,132,3228,1,0,0,0,0,0,0,0,0,0,0,0,0,0,0,0,2500,11,132,19014409516066930,0,,
0,133,3466,1,0,0,0,0,0,0,0,0,0,0,0,0,0,0,0,2500,11,133,19014409516066930,0,,
0,134,3689,1,0,0,0,0,0,0,0,0,0,0,0,0,0,0,0,2500,11,134,19014409516066930,0,,
0,135,3897,1,0,0,0,0,0,0,0,0,0,0,0,0,0,0,0,2500,11,135,19014409516066930,0,,
0,138,4201,1,0,0,0,0,0,0,0,0,0,0,0,0,0,0,0,2500,11,138,19014409516066930,0,,
0,145,7889,1,0,0,0,0,0,0,0,0,0,0,0,0,0,0,0,2500,11,145,19014409516066930,0,,
0,146,7890,1,0,0,0,0,0,0,0,0,0,0,0,0,0,0,0,2500,11,146,19014409516066930,0,,
0,147,7891,1,0,0,0,0,0,0,0,0,0,0,0,0,0,0,0,2500,11,147,19014409516066930,0,,
0,148,7892,1,0,0,0,0,0,0,0,0,0,0,0,0,0,0,0,2500,11,148,19014409516066930,0,,
0,149,7893,1,0,0,0,0,0,0,0,0,0,0,0,0,0,0,0,2500,11,149,19014409516066930,0,,
0,212,6039,1,0,0,0,0,0,0,0,0,0,0,0,0,0,0,0,2500,11,212,19014409516066930,0,,
0,226,6971,1,0,0,0,0,0,0,0,0,0,0,0,0,0,0,0,2500,11,226,19014409516066930,0,,
0,228,6973,1,0,0,0,0,0,0,0,0,0,0,0,0,0,0,0,2500,11,228,19014409516066930,0,,
0,229,6974,1,0,0,0,0,0,0,0,0,0,0,0,0,0,0,0,2500,11,229,19014409516066930,0,,
0,231,6976,1,0,0,0,0,0,0,0,0,0,0,0,0,0,0,0,2500,11,231,19014409516066930,0,,
0,232,6977,1,0,0,0,0,0,0,0,0,0,0,0,0,0,0,0,2500,11,232,19014409516066930,0,,
0,283,8576,1,0,0,0,0,0,0,0,0,0,0,0,0,0,0,0,2500,11,283,19014409516066930,0,,
0,312,13298,1,0,0,0,0,0,0,0,0,0,0,0,0,0,0,0,2500,11,312,19014409516066930,0,,
0,326,15208,1,0,0,0,0,0,0,0,0,0,0,0,0,0,0,0,2500,11,326,19014409516066930,0,,
0,327,15209,1,0,0,0,0,0,0,0,0,0,0,0,0,0,0,0,2500,11,327,19014409516066930,0,,
0,328,15210,1,0,0,0,0,0,0,0,0,0,0,0,0,0,0,0,2500,11,328,19014409516066930,0,,
0,329,15211,1,0,0,0,0,0,0,0,0,0,0,0,0,0,0,0,2500,11,329,19014409516066930,0,,
0,330,15212,1,0,0,0,0,0,0,0,0,0,0,0,0,0,0,0,2500,11,330,19014409516066930,0,,
0,331,15213,1,0,0,0,0,0,0,0,0,0,0,0,0,0,0,0,2500,11,331,19014409516066930,0,,
0,332,15214,1,0,0,0,0,0,0,0,0,0,0,0,0,0,0,0,2500,11,332,19014409516066930,0,,
0,333,15215,1,0,0,0,0,0,0,0,0,0,0,0,0,0,0,0,2500,11,333,19014409516066930,0,,
0,334,15216,1,0,0,0,0,0,0,0,0,0,0,0,0,0,0,0,2500,11,334,19014409516066930,0,,
0,335,15217,1,0,0,0,0,0,0,0,0,0,0,0,0,0,0,0,2500,11,335,19014409516066930,0,,
0,336,15218,1,0,0,0,0,0,0,0,0,0,0,0,0,0,0,0,2500,11,336,19014409516066930,0,,
0,337,15219,1,0,0,0,0,0,0,0,0,0,0,0,0,0,0,0,2500,11,337,19014409516066930,0,,
0,338,15220,1,0,0,0,0,0,0,0,0,0,0,0,0,0,0,0,2500,11,338,19014409516066930,0,,
0,339,15221,1,0,0,0,0,0,0,0,0,0,0,0,0,0,0,0,2500,11,339,19014409516066930,0,,
0,348,16612,1,0,0,0,0,0,0,0,0,0,0,0,0,0,0,0,2500,11,348,19014409516066930,0,,
0,356,17476,1,0,0,0,0,0,0,0,0,0,0,0,0,0,0,0,2500,11,356,19014409516066930,0,,
0,357,17477,1,0,0,0,0,0,0,0,0,0,0,0,0,0,0,0,2500,11,357,19014409516066930,0,,
0,358,17478,1,0,0,0,0,0,0,0,0,0,0,0,0,0,0,0,2500,11,358,19014409516066930,0,,
0,359,17479,1,0,0,0,0,0,0,0,0,0,0,0,0,0,0,0,2500,11,359,19014409516066930,0,,
0,360,17480,1,0,0,0,0,0,0,0,0,0,0,0,0,0,0,0,2500,11,360,19014409516066930,0,,
0,383,14972,1,0,0,0,0,0,0,0,0,0,0,0,0,0,0,0,2500,11,383,19014409516066930,0,,
0,384,14973,1,0,0,0,0,0,0,0,0,0,0,0,0,0,0,0,2500,11,384,19014409516066930,0,,
0,385,14974,1,0,0,0,0,0,0,0,0,0,0,0,0,0,0,0,2500,11,385,19014409516066930,0,,
0,386,14975,1,0,0,0,0,0,0,0,0,0,0,0,0,0,0,0,2500,11,386,19014409516066930,0,,
0,387,14976,1,0,0,0,0,0,0,0,0,0,0,0,0,0,0,0,2500,11,387,19014409516066930,0,,
0,409,16046,1,0,0,0,0,0,0,0,0,0,0,0,0,0,0,0,2500,11,409,19014409516066930,0,,
0,410,16047,1,0,0,0,0,0,0,0,0,0,0,0,0,0,0,0,2500,11,410,19014409516066930,0,,
0,411,16048,1,0,0,0,0,0,0,0,0,0,0,0,0,0,0,0,2500,11,411,19014409516066930,0,,
0,412,23017,1,0,0,0,0,0,0,0,0,0,0,0,0,0,0,0,2500,11,412,19014409516066930,0,,
0,413,23018,1,0,0,0,0,0,0,0,0,0,0,0,0,0,0,0,2500,11,413,19014409516066930,0,,
0,414,23019,1,0,0,0,0,0,0,0,0,0,0,0,0,0,0,0,2500,11,414,19014409516066930,0,,
0,415,23226,1,0,0,0,0,0,0,0,0,0,0,0,0,0,0,0,2500,11,415,19014409516066930,0,,
0,416,24145,1,0,0,0,0,0,0,0,0,0,0,0,0,0,0,0,2500,11,416,19014409516066930,0,,
0,417,24146,1,0,0,0,0,0,0,0,0,0,0,0,0,0,0,0,2500,11,417,19014409516066930,0,,
0,418,24147,1,0,0,0,0,0,0,0,0,0,0,0,0,0,0,0,2500,11,418,19014409516066930,0,,
0,423,24608,1,0,0,0,0,0,0,0,0,0,0,0,0,0,0,0,2500,11,423,19014409516066930,0,,
0,424,24609,1,0,0,0,0,0,0,0,0,0,0,0,0,0,0,0,2500,11,424,19014409516066930,0,,
0,425,24610,1,0,0,0,0,0,0,0,0,0,0,0,0,0,0,0,2500,11,425,19014409516066930,0,,
0,426,24611,1,0,0,0,0,0,0,0,0,0,0,0,0,0,0,0,2500,11,426,19014409516066930,0,,
0,427,24590,1,0,0,0,0,0,0,0,0,0,0,0,0,0,0,0,2500,11,427,19014409516066930,0,,
0,428,24605,1,0,0,0,0,0,0,0,0,0,0,0,0,0,0,0,2500,11,428,19014409516066930,0,,
0,429,24606,1,0,0,0,0,0,0,0,0,0,0,0,0,0,0,0,2500,11,429,19014409516066930,0,,
0,430,24607,1,0,0,0,0,0,0,0,0,0,0,0,0,0,0,0,2500,11,430,19014409516066930,0,,
0,433,27943,1,0,0,0,0,0,0,0,0,0,0,0,0,0,0,0,2500,11,433,19014409516066930,0,,
0,437,27947,1,0,0,0,0,0,0,0,0,0,0,0,0,0,0,0,2500,11,437,19014409516066930,0,,
0,438,27948,1,0,0,0,0,0,0,0,0,0,0,0,0,0,0,0,2500,11,438,19014409516066930,0,,
0,439,27949,1,0,0,0,0,0,0,0,0,0,0,0,0,0,0,0,2500,11,439,19014409516066930,0,,
0,440,27950,1,0,0,0,0,0,0,0,0,0,0,0,0,0,0,0,2500,11,440,19014409516066930,0,,
0,443,28556,1,0,0,0,0,0,0,0,0,0,0,0,0,0,0,0,2500,11,443,19014409516066930,0,,
0,444,28557,1,0,0,0,0,0,0,0,0,0,0,0,0,0,0,0,2500,11,444,19014409516066930,0,,
0,460,28573,1,0,0,0,0,0,0,0,0,0,0,0,0,0,0,0,2500,11,460,19014409516066930,0,,
0,461,28574,1,0,0,0,0,0,0,0,0,0,0,0,0,0,0,0,2500,11,461,19014409516066930,0,,
0,462,28575,1,0,0,0,0,0,0,0,0,0,0,0,0,0,0,0,2500,11,462,19014409516066930,0,,
0,463,28576,1,0,0,0,0,0,0,0,0,0,0,0,0,0,0,0,2500,11,463,19014409516066930,0,,
0,464,28577,1,0,0,0,0,0,0,0,0,0,0,0,0,0,0,0,2500,11,464,19014409516066930,0,,
0,477,30044,1,0,0,0,0,0,0,0,0,0,0,0,0,0,0,0,2500,11,477,19014409516066930,0,,
0,478,30045,1,0,0,0,0,0,0,0,0,0,0,0,0,0,0,0,2500,11,478,19014409516066930,0,,
0,479,30046,1,0,0,0,0,0,0,0,0,0,0,0,0,0,0,0,2500,11,479,19014409516066930,0,,
0,481,30750,1,0,0,0,0,0,0,0,0,0,0,0,0,0,0,0,2500,11,481,19014409516066930,0,,
0,482,30751,1,0,0,0,0,0,0,0,0,0,0,0,0,0,0,0,2500,11,482,19014409516066930,0,,
0,483,30752,1,0,0,0,0,0,0,0,0,0,0,0,0,0,0,0,2500,11,483,19014409516066930,0,,
0,484,30753,1,0,0,0,0,0,0,0,0,0,0,0,0,0,0,0,2500,11,484,19014409516066930,0,,
0,485,30754,1,0,0,0,0,0,0,0,0,0,0,0,0,0,0,0,2500,11,485,19014409516066930,0,,
0,487,30807,1,0,0,0,0,0,0,0,0,0,0,0,0,0,0,0,2500,11,487,19014409516066930,0,,
0,488,30808,1,0,0,0,0,0,0,0,0,0,0,0,0,0,0,0,2500,11,488,19014409516066930,0,,
0,489,30809,1,0,0,0,0,0,0,0,0,0,0,0,0,0,0,0,2500,11,489,19014409516066930,0,,
0,490,30810,1,0,0,0,0,0,0,0,0,0,0,0,0,0,0,0,2500,11,490,19014409516066930,0,,
0,499,35853,1,0,0,0,0,0,0,0,0,0,0,0,0,0,0,0,2500,11,499,19014409516066930,0,,
0,500,35854,1,0,0,0,0,0,0,0,0,0,0,0,0,0,0,0,2500,11,500,19014409516066930,0,,
0,501,35855,1,0,0,0,0,0,0,0,0,0,0,0,0,0,0,0,2500,11,501,19014409516066930,0,,
0,502,35856,1,0,0,0,0,0,0,0,0,0,0,0,0,0,0,0,2500,11,502,19014409516066930,0,,
0,503,35857,1,0,0,0,0,0,0,0,0,0,0,0,0,0,0,0,2500,11,503,19014409516066930,0,,
0,505,35864,1,0,0,0,0,0,0,0,0,0,0,0,0,0,0,0,2500,11,505,19014409516066930,0,,
0,511,36832,1,0,0,0,0,0,0,0,0,0,0,0,0,0,0,0,2500,11,511,19014409516066930,0,,
0,512,36833,1,0,0,0,0,0,0,0,0,0,0,0,0,0,0,0,2500,11,512,19014409516066930,0,,
0,513,36834,1,0,0,0,0,0,0,0,0,0,0,0,0,0,0,0,2500,11,513,19014409516066930,0,,
0,514,36835,1,0,0,0,0,0,0,0,0,0,0,0,0,0,0,0,2500,11,514,19014409516066930,0,,
0,515,36836,1,0,0,0,0,0,0,0,0,0,0,0,0,0,0,0,2500,11,515,19014409516066930,0,,
0,520,38257,1,0,0,0,0,0,0,0,0,0,0,0,0,0,0,0,2500,11,520,19014409516066930,0,,
0,521,38258,1,0,0,0,0,0,0,0,0,0,0,0,0,0,0,0,2500,11,521,19014409516066930,0,,
0,522,38259,1,0,0,0,0,0,0,0,0,0,0,0,0,0,0,0,2500,11,522,19014409516066930,0,,
0,523,38260,1,0,0,0,0,0,0,0,0,0,0,0,0,0,0,0,2500,11,523,19014409516066930,0,,
0,529,38228,1,0,0,0,0,0,0,0,0,0,0,0,0,0,0,0,2500,11,529,19014409516066930,0,,
0,530,38229,1,0,0,0,0,0,0,0,0,0,0,0,0,0,0,0,2500,11,530,19014409516066930,0,,
0,531,38230,1,0,0,0,0,0,0,0,0,0,0,0,0,0,0,0,2500,11,531,19014409516066930,0,,
0,532,38231,1,0,0,0,0,0,0,0,0,0,0,0,0,0,0,0,2500,11,532,19014409516066930,0,,
0,533,38232,1,0,0,0,0,0,0,0,0,0,0,0,0,0,0,0,2500,11,533,19014409516066930,0,,
0,620,20633,1,0,0,0,0,0,0,0,0,0,0,0,0,0,0,0,2500,11,620,19014409516066930,0,,
0,621,20634,1,0,0,0,0,0,0,0,0,0,0,0,0,0,0,0,2500,11,621,19014409516066930,0,,
0,622,20635,1,0,0,0,0,0,0,0,0,0,0,0,0,0,0,0,2500,11,622,19014409516066930,0,,
0,623,20636,1,0,0,0,0,0,0,0,0,0,0,0,0,0,0,0,2500,11,623,19014409516066930,0,,
0,629,24999,1,0,0,0,0,0,0,0,0,0,0,0,0,0,0,0,2500,11,629,19014409516066930,0,,
0,630,25000,1,0,0,0,0,0,0,0,0,0,0,0,0,0,0,0,2500,11,630,19014409516066930,0,,
0,716,16592,1,0,0,0,0,0,0,0,0,0,0,0,0,0,0,0,2500,11,716,19014409516066930,0,,
0,717,16593,1,0,0,0,0,0,0,0,0,0,0,0,0,0,0,0,2500,11,717,19014409516066930,0,,
0,718,16594,1,0,0,0,0,0,0,0,0,0,0,0,0,0,0,0,2500,11,718,19014409516066930,0,,
0,719,16595,1,0,0,0,0,0,0,0,0,0,0,0,0,0,0,0,2500,11,719,19014409516066930,0,,
0,750,24602,1,0,0,0,0,0,0,0,0,0,0,0,0,0,0,0,2500,11,750,19014409516066930,0,,
0,751,24603,1,0,0,0,0,0,0,0,0,0,0,0,0,0,0,0,2500,11,751,19014409516066930,0,,
0,752,24604,1,0,0,0,0,0,0,0,0,0,0,0,0,0,0,0,2500,11,752,19014409516066930,0,,
0,776,30058,1,0,0,0,0,0,0,0,0,0,0,0,0,0,0,0,2500,11,776,19014409516066930,0,,
0,777,30059,1,0,0,0,0,0,0,0,0,0,0,0,0,0,0,0,2500,11,777,19014409516066930,0,,
0,778,30060,1,0,0,0,0,0,0,0,0,0,0,0,0,0,0,0,2500,11,778,19014409516066930,0,,
0,779,30061,1,0,0,0,0,0,0,0,0,0,0,0,0,0,0,0,2500,11,779,19014409516066930,0,,
0,785,31413,1,0,0,0,0,0,0,0,0,0,0,0,0,0,0,0,2500,11,785,19014409516066930,0,,
0,786,31414,1,0,0,0,0,0,0,0,0,0,0,0,0,0,0,0,2500,11,786,19014409516066930,0,,
0,787,31415,1,0,0,0,0,0,0,0,0,0,0,0,0,0,0,0,2500,11,787,19014409516066930,0,,
0,788,31416,1,0,0,0,0,0,0,0,0,0,0,0,0,0,0,0,2500,11,788,19014409516066930,0,,
0,789,31417,1,0,0,0,0,0,0,0,0,0,0,0,0,0,0,0,2500,11,789,19014409516066930,0,,
0,798,32809,1,0,0,0,0,0,0,0,0,0,0,0,0,0,0,0,2500,11,798,19014409516066930,0,,
0,799,32810,1,0,0,0,0,0,0,0,0,0,0,0,0,0,0,0,2500,11,799,19014409516066930,0,,
0,800,32811,1,0,0,0,0,0,0,0,0,0,0,0,0,0,0,0,2500,11,800,19014409516066930,0,,
3200,0,38901,1,2683,31202,1,21,23,22,0,0,9,9,8,0,0,0,0,3200,5,0,19014409516066930,0,10,刻木匠
3200,1,38902,1,7032,38844,1,21,23,22,0,0,9,9,8,0,0,0,0,3200,5,1,19014409516066930,0,8,锻铁匠
3200,2,38903,1,1110,58254,1,21,21,22,0,0,9,9,8,0,0,0,0,3200,5,2,19014409516066930,0,11,铸甲匠
3200,3,38904,1,9309,36559,1,21,23,22,0,0,9,9,8,0,0,0,0,3200,5,3,19014409516066930,0,12,雕金匠
3200,4,38905,1,7424,37825,1,21,21,23,23,22,9,9,8,8,8,0,0,3200,5,4,19014409516066930,0,14,制革匠
3200,5,38906,1,6168,14876,1,21,21,23,23,22,9,9,8,8,8,0,0,3200,5,5,19014409516066930,0,13,裁衣匠
3200,7,38908,1,9221,27924,1,21,21,23,23,22,9,9,8,8,8,0,0,3200,5,7,19014409516066930,0,5,烹调师
3200,8,38909,1,7442,39562,1,20,19,18,0,0,9,9,8,0,0,0,0,3200,5,8,19014409516066930,0,2,采矿工
3200,9,36706,1,9941,44155,1,19,19,20,18,19,9,9,8,8,8,0,0,3200,5,9,19014409516066930,0,,
3200,10,38910,1,5481,11554,1,20,19,18,0,0,9,9,8,0,0,0,0,3200,5,10,19014409516066930,0,3,园艺工
3200,11,36707,1,1,45119,1,19,19,20,19,19,9,9,8,8,8,0,0,3200,5,11,19014409516066930,0,,
3200,12,17726,1,8509,43908,0,0,0,0,0,0,0,0,0,0,0,0,0,3200,5,12,19014409516066930,0,16,捕鱼人
3200,13,38419,1,2079,27660,0,0,0,0,0,0,0,0,0,0,0,0,0,3200,5,13,19014409516066930,0,24,骑士
3201,0,40200,1,0,30000,0,16,16,0,0,0,9,9,0,0,0,61,13258,3201,5,0,19014409516066930,0,22;32;33,机工士;舞者;吟游诗人
3201,1,6223,1,0,6600,0,0,0,0,0,0,0,0,0,0,0,0,0,3201,5,1,19014409516066930,0,36,加雷马触发
3201,3,39990,1,1,17976,0,0,0,0,0,0,0,0,0,0,0,0,10328,3201,5,3,19014409516066930,0,,
3201,4,39650,1,2663,22648,1,14,14,14,0,0,9,9,9,0,0,0,0,3201,5,4,19014409516066930,0,,
3201,5,40195,1,0,30000,0,0,0,0,0,0,0,0,0,0,0,6,24602,3201,5,5,19014409516066930,0,29,武士
3201,6,38106,1,0,30000,0,0,0,0,0,0,0,0,0,0,0,0,24602,3201,5,6,19014409516066930,0,31;35,龙骑士;钐镰客
3201,7,38056,1,5065,34732,0,14,14,0,0,0,9,9,0,0,0,0,0,3201,5,7,19014409516066930,0,,
3201,8,38916,1,1,36223,1,18,18,19,19,20,9,9,9,8,8,0,31413,3201,5,8,19014409516066930,0,2;3;16,采矿工;园艺工;捕鱼人
3201,9,40135,1,8014,36135,0,15,14,0,0,0,9,9,0,0,0,0,36837,3201,5,9,19014409516066930,0,7;15;19;34,学者;占星术士;白魔法师;贤者
3201,10,32330,1,2369,32763,0,25,25,0,0,0,7,7,0,0,0,0,0,3201,5,10,19014409516066930,0,18,青魔法师
3201,11,37782,1,0,30000,1,0,0,0,0,0,0,0,0,0,0,0,0,3201,5,11,19014409516066930,0,25,忍者
3201,12,38051,1,3095,4128,0,25,25,0,0,0,9,9,0,0,0,48,2728,3201,5,12,19014409516066930,0,42,绝欧学者
3201,13,35190,1,1,31132,0,14,14,0,0,0,9,9,0,0,0,0,17544,3201,5,13,19014409516066930,0,,
3201,14,35295,1,4584,12335,0,16,16,0,0,0,9,9,0,0,0,6,24602,3201,5,14,19014409516066930,0,,
3201,15,35195,1,0,28200,0,14,16,0,0,0,9,9,0,0,0,0,24602,3201,5,15,19014409516066930,0,,
3201,16,35060,1,1,29400,1,0,0,0,0,0,0,0,0,0,0,0,0,3201,5,16,19014409516066930,0,,
3201,17,35215,1,2293,39266,0,15,15,0,0,0,9,9,0,0,0,48,2728,3201,5,17,19014409516066930,0,38,龙诗贤者
3201,18,31363,1,0,51877,0,0,0,0,0,0,0,0,0,0,0,0,24602,3201,5,18,19014409516066930,0,39,博兹雅镰刀
3201,19,31388,1,0,33613,0,0,0,0,0,0,0,0,0,0,0,6,14972,3201,5,19,19014409516066930,0,26;27,博兹雅法系;博兹雅召唤
3201,20,31368,1,0,35852,0,0,0,0,0,0,0,0,0,0,0,6,24602,3201,5,20,19014409516066930,0,37,博兹雅武士
3201,21,30646,1,1,32068,0,25,25,0,0,0,7,7,0,0,0,48,2728,3201,5,21,19014409516066930,0,28,绝亚学者
3201,22,23524,1,7284,5551,0,0,0,0,0,0,0,0,0,0,0,6,24602,3201,5,22,19014409516066930,0,,
3201,23,24758,1,1,36555,0,0,0,0,0,0,0,0,0,0,0,0,31094,3201,5,23,19014409516066930,0,40,ULK战士
3201,24,40140,1,1229,28288,0,16,14,0,0,0,9,9,0,0,0,0,10328,3201,5,24,19014409516066930,0,0;1;20,召唤师;黑魔法师;赤魔法师
3201,25,8682,1,0,30000,0,0,0,0,0,0,0,0,0,0,0,0,0,3201,5,25,19014409516066930,0,,
3201,26,40185,1,5670,18521,0,14,14,0,0,0,9,9,0,0,0,0,10328,3201,5,26,19014409516066930,0,6;9;23;24,暗黑骑士;绝枪战士;战士;骑士
3202,0,40141,1,1617,48514,0,16,16,0,0,0,9,9,0,0,0,0,40413,3202,5,0,19014409516066930,0,0;1;20,召唤师;黑魔法师;赤魔法师
3202,1,37773,1,1165,28654,1,16,16,14,0,0,7,7,7,0,0,6,24288,3202,5,1,19014409516066930,0,29;30,武士;武僧
3202,2,39681,1,1,29942,1,16,16,14,16,14,9,9,9,8,8,0,40413,3202,5,2,19014409516066930,0,,
3202,3,39676,1,7501,21509,1,14,15,15,14,15,9,9,9,8,8,101,0,3202,5,3,19014409516066930,0,,
3202,5,35291,1,8107,35971,0,15,15,0,0,0,9,9,0,0,0,0,30759,3202,5,5,19014409516066930,0,38,龙诗贤者
3202,6,38132,1,5113,37665,0,14,14,0,0,0,9,9,0,0,0,6,24288,3202,5,6,19014409516066930,0,,
3202,7,38917,1,1,45276,1,18,18,19,19,19,9,9,9,8,8,0,31414,3202,5,7,19014409516066930,0,2;3;16,采矿工;园艺工;捕鱼人
3202,8,40186,1,1456,14075,0,15,15,0,0,0,9,9,0,0,0,0,40413,3202,5,8,19014409516066930,0,6;9;23;24,暗黑骑士;绝枪战士;战士;骑士
3202,9,24856,1,1,23123,0,0,0,0,0,0,0,0,0,0,0,0,24603,3202,5,9,19014409516066930,0,41,ULK占星
3202,10,37768,1,1337,51988,1,15,15,15,0,0,7,7,7,0,0,0,24603,3202,5,10,19014409516066930,0,31;35,龙骑士;钐镰客
3202,11,37783,1,0,30000,1,0,0,0,0,0,0,0,0,0,0,0,0,3202,5,11,19014409516066930,0,25,忍者
3202,12,40211,1,8172,43073,0,25,25,0,0,0,9,9,0,0,0,0,0,3202,5,12,19014409516066930,0,7;15;19;34,学者;占星术士;白魔法师;贤者
3202,13,35296,1,596,17543,0,14,14,0,0,0,9,9,0,0,0,6,24288,3202,5,13,19014409516066930,0,,
3202,14,35046,1,154,27261,1,0,0,0,0,0,0,0,0,0,0,0,24603,3202,5,14,19014409516066930,0,,
3202,15,35061,1,1,29400,1,0,0,0,0,0,0,0,0,0,0,0,0,3202,5,15,19014409516066930,0,,
3202,16,38127,1,3190,8729,0,25,25,0,0,0,9,9,0,0,0,0,30759,3202,5,16,19014409516066930,0,42,绝欧学者
3202,17,29314,1,0,30000,0,0,0,0,0,0,0,0,0,0,0,0,0,3202,5,17,19014409516066930,0,,
3202,18,31369,1,0,55692,0,0,0,0,0,0,0,0,0,0,0,6,24288,3202,5,18,19014409516066930,0,37,博兹雅武士
3202,19,24855,1,319,38759,0,0,0,0,0,0,0,0,0,0,0,6,24288,3202,5,19,19014409516066930,0,21,ULK召唤
3202,20,31364,1,0,34339,0,0,0,0,0,0,0,0,0,0,0,0,24603,3202,5,20,19014409516066930,0,39,博兹雅镰刀
3202,21,25597,1,1,35096,0,15,15,0,0,0,7,7,0,0,0,0,30759,3202,5,21,19014409516066930,0,28,绝亚学者
3202,22,23525,1,1962,7746,0,0,0,0,0,0,0,0,0,0,0,0,3007,3202,5,22,19014409516066930,0,,
3202,23,31389,1,0,37264,0,0,0,0,0,0,0,0,0,0,0,6,21203,3202,5,23,19014409516066930,0,26;27,博兹雅法系;博兹雅召唤
3202,24,24850,1,1,31486,0,0,0,0,0,0,0,0,0,0,0,0,24759,3202,5,24,19014409516066930,0,40,ULK战士
3202,25,40201,1,0,30000,0,15,15,0,0,0,9,9,0,0,0,61,24592,3202,5,25,19014409516066930,0,22;32;33,机工士;舞者;吟游诗人
3202,26,32553,1,2347,23296,0,25,25,0,0,0,7,7,0,0,0,0,0,3202,5,26,19014409516066930,0,18,青魔法师
3202,27,8685,1,369,29723,0,0,0,0,0,0,0,0,0,0,0,0,0,3202,5,27,19014409516066930,0,,
3202,28,14830,1,0,30000,0,0,0,0,0,0,0,0,0,0,0,0,0,3202,5,28,19014409516066930,0,,
3202,29,6224,1,0,6600,0,0,0,0,0,0,0,0,0,0,0,0,0,3202,5,29,19014409516066930,0,36,加雷马触发
3203,0,40197,1,0,30000,0,0,0,0,0,0,0,0,0,0,0,0,20635,3203,5,0,19014409516066930,0,29,武士
3203,1,40217,1,1609,46655,0,14,14,0,0,0,9,9,0,0,0,0,10034,3203,5,1,19014409516066930,0,0;1;20,召唤师;黑魔法师;赤魔法师
3203,3,39677,1,5339,26551,1,15,15,15,14,15,9,9,9,8,8,0,31415,3203,5,3,19014409516066930,0,,
3203,4,35217,1,7958,31338,0,25,25,0,0,0,9,9,0,0,0,0,10034,3203,5,4,19014409516066930,0,38,龙诗贤者
3203,5,38133,1,1,23706,0,14,14,0,0,0,9,9,0,0,0,0,20635,3203,5,5,19014409516066930,0,,
3203,6,39116,1,0,30000,0,0,0,0,0,0,0,0,0,0,0,0,0,3203,5,6,19014409516066930,0,,
3203,7,40137,1,8287,36008,0,25,25,0,0,0,9,9,0,0,0,0,31415,3203,5,7,19014409516066930,0,7;15;19;34,学者;占星术士;白魔法师;贤者
3203,8,38918,1,1,36245,1,18,18,19,19,18,9,9,9,8,8,0,31415,3203,5,8,19014409516066930,0,2;3;16,采矿工;园艺工;捕鱼人
3203,9,24790,1,1,20679,0,0,0,0,0,0,0,0,0,0,0,0,20635,3203,5,9,19014409516066930,0,21,ULK召唤
3203,10,37784,1,0,30000,1,0,0,0,0,0,0,0,0,0,0,0,0,3203,5,10,19014409516066930,0,25,忍者
3203,11,37769,1,1324,51544,1,15,15,15,0,0,7,7,7,0,0,0,10034,3203,5,11,19014409516066930,0,31;35,龙骑士;钐镰客
3203,12,40348,1,2313,33077,0,15,16,0,0,0,7,7,0,0,0,0,0,3203,5,12,19014409516066930,0,18,青魔法师
3203,13,35297,1,4500,12302,0,14,14,0,0,0,9,9,0,0,0,0,20635,3203,5,13,19014409516066930,0,,
3203,14,35192,1,7505,20261,0,14,14,0,0,0,9,9,0,0,0,0,14974,3203,5,14,19014409516066930,0,,
3203,15,35272,1,0,26989,0,15,14,0,0,0,9,9,0,0,0,0,10034,3203,5,15,19014409516066930,0,,
3203,16,35062,1,1,29400,1,0,0,0,0,0,0,0,0,0,0,0,0,3203,5,16,19014409516066930,0,,
3203,17,30648,1,1,32602,0,7,7,0,0,0,7,7,0,0,0,0,10034,3203,5,17,19014409516066930,0,28,绝亚学者
3203,18,29315,1,0,30000,0,0,0,0,0,0,0,0,0,0,0,0,0,3203,5,18,19014409516066930,0,,
3203,19,24785,1,1,24246,0,0,0,0,0,0,0,0,0,0,0,0,10034,3203,5,19,19014409516066930,0,41,ULK占星
3203,20,31365,1,0,51863,0,0,0,0,0,0,0,0,0,0,0,0,10034,3203,5,20,19014409516066930,0,39,博兹雅镰刀
3203,21,31370,1,0,37405,0,0,0,0,0,0,0,0,0,0,0,0,20635,3203,5,21,19014409516066930,0,37,博兹雅武士
3203,22,30184,1,1,18093,0,0,0,0,0,0,0,0,0,0,0,0,10034,3203,5,22,19014409516066930,0,,
3203,23,38053,1,3144,4108,0,15,15,0,0,0,9,9,0,0,0,0,10034,3203,5,23,19014409516066930,0,42,绝欧学者
3203,24,23526,1,1937,5568,0,0,0,0,0,0,0,0,0,0,0,0,14040,3203,5,24,19014409516066930,0,,
3203,25,24760,1,1,36501,0,0,0,0,0,0,0,0,0,0,0,0,20635,3203,5,25,19014409516066930,0,40,ULK战士
3203,26,31390,1,14,37413,0,0,0,0,0,0,0,0,0,0,0,0,20635,3203,5,26,19014409516066930,0,26;27,博兹雅法系;博兹雅召唤
3203,27,40202,1,0,30000,0,14,16,0,0,0,9,9,0,0,0,0,10034,3203,5,27,19014409516066930,0,22;32;33,机工士;舞者;吟游诗人
3203,28,8568,1,1,27214,0,0,0,0,0,0,0,0,0,0,0,0,0,3203,5,28,19014409516066930,0,,
3203,29,40187,1,5547,20817,0,14,14,0,0,0,9,9,0,0,0,0,10034,3203,5,29,19014409516066930,0,6;9;23;24,暗黑骑士;绝枪战士;战士;骑士
3205,0,38054,1,3087,4133,0,25,25,0,0,0,9,9,0,0,0,0,30760,3205,5,0,19014409516066930,0,42,绝欧学者
3205,1,37775,1,1200,27881,1,15,15,15,0,0,7,7,7,0,0,6,9289,3205,5,1,19014409516066930,0,29;30,武士;武僧
3205,2,40138,1,8318,36223,0,25,25,0,0,0,9,9,0,0,0,0,14975,3205,5,2,19014409516066930,0,7;15;19;34,学者;占星术士;白魔法师;贤者
3205,3,38059,1,5147,22324,0,14,14,0,0,0,9,9,0,0,0,6,9289,3205,5,3,19014409516066930,0,,
3205,4,35218,1,5351,36619,0,15,15,0,0,0,9,9,0,0,0,0,30760,3205,5,4,19014409516066930,0,28;38,绝亚学者;龙诗贤者
3205,5,40218,1,1621,41492,0,15,15,0,0,0,9,9,0,0,0,0,40414,3205,5,5,19014409516066930,0,0;1;20,召唤师;黑魔法师;赤魔法师
3205,6,38919,1,1,36264,1,19,18,18,18,0,9,9,9,8,0,0,31416,3205,5,6,19014409516066930,0,2;3;16,采矿工;园艺工;捕鱼人
3205,7,39668,1,7799,22083,1,16,16,16,0,0,9,9,9,0,0,61,16594,3205,5,7,19014409516066930,0,22;32;33,机工士;舞者;吟游诗人
3205,8,37770,1,1404,51573,1,16,16,16,0,0,7,7,7,0,0,0,16594,3205,5,8,19014409516066930,0,31;35,龙骑士;钐镰客
3205,9,37790,1,6323,15105,1,15,15,14,14,14,9,9,9,8,8,0,15926,3205,5,9,19014409516066930,0,,
3205,10,37785,1,0,30000,1,0,0,0,0,0,0,0,0,0,0,0,0,3205,5,10,19014409516066930,0,25,忍者
3205,11,35223,1,4501,33917,0,15,15,0,0,0,9,9,0,0,0,6,9289,3205,5,11,19014409516066930,0,,
3205,12,35273,1,0,26979,0,15,15,0,0,0,9,9,0,0,0,0,16594,3205,5,12,19014409516066930,0,,
3205,13,35193,1,9923,31201,0,15,15,0,0,0,9,9,0,0,0,0,30682,3205,5,13,19014409516066930,0,,
3205,15,35063,1,1,29400,1,0,0,0,0,0,0,0,0,0,0,0,0,3205,5,15,19014409516066930,0,,
3205,16,37169,1,0,30000,0,0,0,0,0,0,0,0,0,0,0,0,0,3205,5,16,19014409516066930,0,,
3205,17,40349,1,2262,32913,0,25,25,0,0,0,7,7,0,0,0,0,0,3205,5,17,19014409516066930,0,18,青魔法师
3205,18,31371,1,0,53566,0,0,0,0,0,0,0,0,0,0,0,6,9289,3205,5,18,19014409516066930,0,37,博兹雅武士
3205,19,31366,1,0,51946,0,0,0,0,0,0,0,0,0,0,0,0,16594,3205,5,19,19014409516066930,0,39,博兹雅镰刀
3205,20,24786,1,1,24238,0,0,0,0,0,0,0,0,0,0,0,0,16594,3205,5,20,19014409516066930,0,41,ULK占星
3205,21,23527,1,7261,5559,0,0,0,0,0,0,0,0,0,0,0,6,18244,3205,5,21,19014409516066930,0,,
3205,22,24761,1,1,36487,0,0,0,0,0,0,0,0,0,0,0,0,0,3205,5,22,19014409516066930,0,40,ULK战士
3205,23,24791,1,1,20666,0,0,0,0,0,0,0,0,0,0,0,6,9289,3205,5,23,19014409516066930,0,21,ULK召唤
3205,24,31391,1,0,33530,0,0,0,0,0,0,0,0,0,0,0,0,10035,3205,5,24,19014409516066930,0,26;27,博兹雅法系;博兹雅召唤
3205,25,8688,1,0,30000,0,0,0,0,0,0,0,0,0,0,0,0,0,3205,5,25,19014409516066930,0,,
3205,26,40038,1,1014,23745,0,15,15,0,0,0,9,9,0,0,0,0,40414,3205,5,26,19014409516066930,0,6;9;23;24,暗黑骑士;绝枪战士;战士;骑士
3206,0,40199,1,0,30000,0,0,0,0,0,0,0,0,0,0,0,37,23226,3206,5,0,19014409516066930,0,29,武士
3206,1,40114,1,772,23810,0,14,14,0,0,0,9,9,0,0,0,0,8561,3206,5,1,19014409516066930,0,6;9;23;24,暗黑骑士;绝枪战士;战士;骑士
3206,2,39654,1,2704,22690,1,15,14,14,0,0,9,9,9,0,0,0,8561,3206,5,2,19014409516066930,0,,
3206,3,39679,1,9482,44096,1,0,0,0,0,0,0,0,0,0,0,0,8692,3206,5,3,19014409516066930,0,,
3206,4,38060,1,4882,57642,0,15,16,0,0,0,9,9,0,0,0,0,8561,3206,5,4,19014409516066930,0,,
3206,5,40350,1,2294,32825,0,15,16,0,0,0,7,7,0,0,0,0,0,3206,5,5,19014409516066930,0,18,青魔法师
3206,6,40144,1,1622,46700,0,15,16,0,0,0,9,9,0,0,0,0,8561,3206,5,6,19014409516066930,0,0;1;20,召唤师;黑魔法师;赤魔法师
3206,7,38920,1,1,36137,1,19,19,20,20,19,9,9,9,8,8,0,31417,3206,5,7,19014409516066930,0,2;3;16,采矿工;园艺工;捕鱼人
3206,8,40214,1,8123,36225,0,14,14,0,0,0,9,9,0,0,0,0,8692,3206,5,8,19014409516066930,0,7;15;19;34,学者;占星术士;白魔法师;贤者
3206,9,24792,1,1,20606,0,0,0,0,0,0,0,0,0,0,0,37,23226,3206,5,9,19014409516066930,0,21,ULK召唤
3206,10,37781,1,6420,18515,1,16,16,14,0,0,7,7,7,0,0,0,31417,3206,5,10,19014409516066930,0,22;32;33,机工士;舞者;吟游诗人
3206,11,37771,1,1316,51556,1,16,16,16,0,0,7,7,7,0,0,0,10036,3206,5,11,19014409516066930,0,31;35,龙骑士;钐镰客
3206,12,37786,1,0,30000,1,0,0,0,0,0,0,0,0,0,0,0,0,3206,5,12,19014409516066930,0,25,忍者
3206,13,35294,1,5292,31091,0,25,25,0,0,0,9,9,0,0,0,0,30761,3206,5,13,19014409516066930,0,28;38,绝亚学者;龙诗贤者
3206,14,35224,1,4655,12155,0,16,14,0,0,0,9,9,0,0,0,37,23226,3206,5,14,19014409516066930,0,,
3206,15,35269,1,1,27348,0,14,14,0,0,0,9,9,0,0,0,0,28591,3206,5,15,19014409516066930,0,,
3206,16,35199,1,0,28200,0,14,14,0,0,0,9,9,0,0,0,0,10036,3206,5,16,19014409516066930,0,,
3206,17,35064,1,1,29400,1,0,0,0,0,0,0,0,0,0,0,0,0,3206,5,17,19014409516066930,0,,
3206,18,38130,1,3152,4112,0,25,25,0,0,0,9,9,0,0,0,0,30761,3206,5,18,19014409516066930,0,42,绝欧学者
3206,19,29317,1,0,30000,0,0,0,0,0,0,0,0,0,0,0,0,0,3206,5,19,19014409516066930,0,,
3206,20,31372,1,0,35818,0,0,0,0,0,0,0,0,0,0,0,37,23226,3206,5,20,19014409516066930,0,37,博兹雅武士
3206,21,24787,1,1,24680,0,0,0,0,0,0,0,0,0,0,0,0,10036,3206,5,21,19014409516066930,0,41,ULK占星
3206,22,31367,1,0,51878,0,0,0,0,0,0,0,0,0,0,0,0,10036,3206,5,22,19014409516066930,0,39,博兹雅镰刀
3206,23,25606,1,1,22895,0,15,16,0,0,0,7,7,0,0,0,0,6977,3206,5,23,19014409516066930,0,,
3206,24,24762,1,1,25410,0,0,0,0,0,0,0,0,0,0,0,0,0,3206,5,24,19014409516066930,0,40,ULK战士
3206,26,31392,1,14,35724,0,0,0,0,0,0,0,0,0,0,0,0,24604,3206,5,26,19014409516066930,0,26;27,博兹雅法系;博兹雅召唤
3206,27,8691,1,1054,28815,0,0,0,0,0,0,0,0,0,0,0,0,0,3206,5,27,19014409516066930,0,,
3207,0,22973,1,1,21271,0,0,0,0,0,0,0,0,0,0,0,0,9293,3207,5,0,19014409516066930,0,21;40,ULK召唤;ULK战士
3207,1,40145,1,819,23229,0,14,14,0,0,0,9,9,0,0,0,0,9293,3207,5,1,19014409516066930,0,6;9;23;24,暗黑骑士;绝枪战士;战士;骑士
3207,2,37798,1,2575,48583,1,15,15,0,0,0,7,7,0,0,0,0,9293,3207,5,2,19014409516066930,0,29;30;31;35,武士;武僧;龙骑士;钐镰客
3207,3,40224,1,1630,22735,0,14,16,0,0,0,9,9,0,0,0,0,9293,3207,5,3,19014409516066930,0,0;1;20,召唤师;黑魔法师;赤魔法师
3207,4,32562,1,2274,15475,0,25,15,0,0,0,7,7,0,0,0,0,0,3207,5,4,19014409516066930,0,18,青魔法师
3207,5,38140,1,1,39929,0,15,14,0,0,0,9,9,0,0,0,0,9293,3207,5,5,19014409516066930,0,,
3207,6,38925,1,1,30720,1,19,18,19,20,20,9,9,8,8,8,0,9293,3207,5,6,19014409516066930,0,2;3;16,采矿工;园艺工;捕鱼人
3207,7,40148,1,8106,31721,0,15,15,0,0,0,9,9,0,0,0,0,14447,3207,5,7,19014409516066930,0,7;15;19;34,学者;占星术士;白魔法师;贤者
3207,8,39687,1,7829,20937,1,16,16,0,0,0,9,9,0,0,0,0,9293,3207,5,8,19014409516066930,0,22;32;33,机工士;舞者;吟游诗人
3207,9,37801,1,7029,19759,1,16,16,25,25,25,9,9,8,8,8,0,9293,3207,5,9,19014409516066930,0,,
3207,11,35229,1,4595,29366,0,15,14,0,0,0,9,9,0,0,0,0,9293,3207,5,11,19014409516066930,0,,
3207,12,35301,1,0,26550,0,14,14,0,0,0,9,9,0,0,0,0,9293,3207,5,12,19014409516066930,0,,
3207,13,35300,1,9694,25041,0,14,14,0,0,0,9,9,0,0,0,0,0,3207,5,13,19014409516066930,0,,
3207,14,35303,1,2340,26697,0,25,25,0,0,0,9,9,0,0,0,0,37081,3207,5,14,19014409516066930,0,38,龙诗贤者
3207,15,25611,1,1,59305,0,25,25,0,0,0,7,7,0,0,0,0,37081,3207,5,15,19014409516066930,0,28,绝亚学者
3207,16,38139,1,4897,12111,0,15,15,0,0,0,9,9,0,0,0,0,9293,3207,5,16,19014409516066930,0,41;42,ULK占星;绝欧学者
3207,17,23456,1,1646,3374,0,0,0,0,0,0,0,0,0,0,0,0,9293,3207,5,17,19014409516066930,0,,
3207,18,31393,1,1,28882,0,0,0,0,0,0,0,0,0,0,0,0,9293,3207,5,18,19014409516066930,0,26;27;37;39,博兹雅法系;博兹雅召唤;博兹雅武士;博兹雅镰刀
3207,19,24589,1,1,46586,0,0,0,0,0,0,0,0,0,0,0,0,9293,3207,5,19,19014409516066930,0,,
3208,0,32567,1,2376,15398,0,15,15,0,0,0,7,7,0,0,0,0,0,3208,5,0,19014409516066930,0,18,青魔法师
3208,1,39693,1,9564,8912,1,14,14,16,16,14,9,9,8,8,8,0,9292,3208,5,1,19014409516066930,0,,
3208,2,40225,1,803,23294,0,14,14,0,0,0,9,9,0,0,0,0,9292,3208,5,2,19014409516066930,0,6;9;23;24,暗黑骑士;绝枪战士;战士;骑士
3208,3,37803,1,2478,38181,1,15,15,0,0,0,7,7,0,0,0,0,9292,3208,5,3,19014409516066930,0,29;30;31;35;37;39,武士;武僧;龙骑士;钐镰客;博兹雅武士;博兹雅镰刀
3208,4,35309,1,1,22664,0,14,16,0,0,0,9,9,0,0,0,0,12400,3208,5,4,19014409516066930,0,26,博兹雅法系
3208,5,35233,1,5557,34860,0,14,14,0,0,0,9,9,0,0,0,0,9292,3208,5,5,19014409516066930,0,38,龙诗贤者
3208,6,40228,1,8157,31341,0,15,15,0,0,0,9,9,0,0,0,0,0,3208,5,6,19014409516066930,0,7;15;19;34,学者;占星术士;白魔法师;贤者
3208,7,38926,1,1,30655,1,19,18,19,20,20,9,9,8,8,8,0,9292,3208,5,7,19014409516066930,0,2;3;16,采矿工;园艺工;捕鱼人
3208,8,40154,1,1650,44842,0,15,14,0,0,0,9,9,0,0,0,0,9292,3208,5,8,19014409516066930,0,0;1;20,召唤师;黑魔法师;赤魔法师
3208,9,39000,1,0,30000,0,0,0,0,0,0,0,0,0,0,0,0,0,3208,5,9,19014409516066930,0,,
3208,10,35305,1,9715,18539,0,15,15,0,0,0,9,9,0,0,0,0,0,3208,5,10,19014409516066930,0,40,ULK战士
3208,11,38069,1,3253,21170,0,15,14,0,0,0,9,9,0,0,0,0,9292,3208,5,11,19014409516066930,0,41;42,ULK占星;绝欧学者
3208,13,35156,1,0,13276,0,0,0,0,0,0,0,0,0,0,0,0,9292,3208,5,13,19014409516066930,0,,
3208,14,38143,1,1,24363,0,16,16,0,0,0,9,9,0,0,0,0,9292,3208,5,14,19014409516066930,0,22;25;32;33,机工士;忍者;舞者;吟游诗人
3208,15,29328,1,0,30000,0,0,0,0,0,0,0,0,0,0,0,0,0,3208,5,15,19014409516066930,0,,
3208,16,25616,1,1,59213,0,15,25,0,0,0,7,7,0,0,0,0,9292,3208,5,16,19014409516066930,0,28,绝亚学者
3208,17,23539,1,1942,3333,0,0,0,0,0,0,0,0,0,0,0,0,0,3208,5,17,19014409516066930,0,,
3208,18,38070,1,5028,21283,0,15,14,0,0,0,9,9,0,0,0,0,9292,3208,5,18,19014409516066930,0,21,ULK召唤
3209,0,40234,1,1617,33774,0,16,14,0,0,0,9,9,0,0,0,0,9294,3209,5,0,19014409516066930,0,0;1;20,召唤师;黑魔法师;赤魔法师
3209,1,40155,1,803,23249,0,14,14,0,0,0,9,9,0,0,0,0,9294,3209,5,1,19014409516066930,0,6;9;23;24,暗黑骑士;绝枪战士;战士;骑士
3209,2,40008,1,1,47341,0,15,0,0,0,0,9,0,0,0,0,0,9294,3209,5,2,19014409516066930,0,,
3209,3,39697,1,7678,21087,1,15,15,0,0,0,9,9,0,0,0,0,9294,3209,5,3,19014409516066930,0,22;32;33,机工士;舞者;吟游诗人
3209,4,32572,1,2349,15937,0,25,15,0,0,0,7,7,0,0,0,0,0,3209,5,4,19014409516066930,0,18,青魔法师
3209,5,38074,1,3182,8836,0,25,25,0,0,0,9,9,0,0,0,0,9294,3209,5,5,19014409516066930,0,41;42,ULK占星;绝欧学者
3209,6,35239,1,3806,40006,0,16,14,0,0,0,9,9,0,0,0,0,9294,3209,5,6,19014409516066930,0,26,博兹雅法系
3209,7,38927,1,1,27528,1,19,18,20,20,19,9,9,8,8,8,0,9294,3209,5,7,19014409516066930,0,2;3;16,采矿工;园艺工;捕鱼人
3209,8,40233,1,8218,31560,0,14,14,0,0,0,9,9,0,0,0,0,0,3209,5,8,19014409516066930,0,7;15;19;34,学者;占星术士;白魔法师;贤者
3209,9,37808,1,0,30000,0,0,0,0,0,0,0,0,0,0,0,0,0,3209,5,9,19014409516066930,0,,
3209,10,35311,1,3123,51602,0,15,16,0,0,0,9,9,0,0,0,0,9294,3209,5,10,19014409516066930,0,29;30;31;35;37;39,武士;武僧;龙骑士;钐镰客;博兹雅武士;博兹雅镰刀
3209,12,35235,1,9928,18587,0,15,14,0,0,0,9,9,0,0,0,0,0,3209,5,12,19014409516066930,0,40,ULK战士
3209,13,38150,1,4783,17637,0,16,14,0,0,0,9,9,0,0,0,0,9294,3209,5,13,19014409516066930,0,21,ULK召唤
3209,14,35313,1,5395,27918,0,25,25,0,0,0,9,9,0,0,0,0,9294,3209,5,14,19014409516066930,0,38,龙诗贤者
3209,15,29333,1,0,30000,0,0,0,0,0,0,0,0,0,0,0,0,0,3209,5,15,19014409516066930,0,,
3209,16,27008,1,6119,56106,0,25,25,0,0,0,7,7,0,0,0,0,9294,3209,5,16,19014409516066930,0,28,绝亚学者
3209,17,23466,1,1632,3346,0,0,0,0,0,0,0,0,0,0,0,0,9294,3209,5,17,19014409516066930,0,,
3209,18,15222,1,2852,40234,0,0,0,0,0,0,0,0,0,0,0,0,0,3209,5,18,19014409516066930,0,,
3300,0,40160,1,748,23251,0,15,14,0,0,0,9,9,0,0,0,0,9295,3300,5,0,19014409516066930,0,6;9;23;24,暗黑骑士;绝枪战士;战士;骑士
3300,1,32577,1,2237,15380,0,25,25,0,0,0,7,7,0,0,0,0,0,3300,5,1,19014409516066930,0,18;27,青魔法师;博兹雅召唤
3300,2,38155,1,1,15915,0,14,14,0,0,0,9,9,0,0,0,0,9295,3300,5,2,19014409516066930,0,21;26,ULK召唤;博兹雅法系
3300,3,39703,1,5368,21902,1,14,15,14,14,14,9,9,8,8,8,0,9295,3300,5,3,19014409516066930,0,,
3300,4,39703,1,9446,9035,1,14,15,14,14,14,9,9,8,8,8,0,9295,3300,5,4,19014409516066930,0,,
3300,5,40164,1,1650,22665,0,15,15,0,0,0,9,9,0,0,0,0,9295,3300,5,5,19014409516066930,0,0;1;20,召唤师;黑魔法师;赤魔法师
3300,6,32355,1,2324,16070,0,15,15,0,0,0,7,7,0,0,0,0,0,3300,5,6,19014409516066930,0,18;27,青魔法师;博兹雅召唤
3300,7,37813,1,2530,38211,1,15,16,0,0,0,7,7,0,0,0,0,9295,3300,5,7,19014409516066930,0,29;30;31;35;37;39,武士;武僧;龙骑士;钐镰客;博兹雅武士;博兹雅镰刀
3300,8,39702,1,7786,20838,1,14,14,0,0,0,9,9,0,0,0,0,9295,3300,5,8,19014409516066930,0,22;32;33,机工士;舞者;吟游诗人
3300,9,39085,1,3776,27725,1,25,25,0,0,0,9,9,0,0,0,0,9295,3300,5,9,19014409516066930,0,42,绝欧学者
3300,10,40088,1,9750,31467,0,14,14,0,0,0,9,9,0,0,0,0,0,3300,5,10,19014409516066930,0,7;15;19;34,学者;占星术士;白魔法师;贤者
3300,11,38079,1,6144,23111,0,15,14,0,0,0,9,9,0,0,0,0,9295,3300,5,11,19014409516066930,0,41,ULK占星
3300,12,38080,1,5144,21249,0,15,15,0,0,0,9,9,0,0,0,0,9295,3300,5,12,19014409516066930,0,21,ULK召唤
3300,13,40163,1,8276,31509,0,14,14,0,0,0,9,9,0,0,0,0,0,3300,5,13,19014409516066930,0,7;15;19;34,学者;占星术士;白魔法师;贤者
3300,15,38928,1,1,27554,1,18,19,18,19,20,9,9,8,8,8,0,9295,3300,5,15,19014409516066930,0,2;3;16,采矿工;园艺工;捕鱼人
3300,16,38928,1,1,27555,1,19,18,19,18,20,9,9,8,8,8,0,9295,3300,5,16,19014409516066930,0,2;3;16,采矿工;园艺工;捕鱼人
3300,17,39702,1,7798,21141,1,14,14,0,0,0,9,9,0,0,0,0,9295,3300,5,17,19014409516066930,0,22;32;33,机工士;舞者;吟游诗人
3300,18,40239,1,1634,22662,0,14,16,0,0,0,9,9,0,0,0,0,9295,3300,5,18,19014409516066930,0,0;1;20,召唤师;黑魔法师;赤魔法师
3300,19,40085,1,972,23272,0,15,14,0,0,0,9,9,0,0,0,0,9295,3300,5,19,19014409516066930,0,6;9;23;24,暗黑骑士;绝枪战士;战士;骑士
3300,20,35318,1,5309,38833,0,14,14,0,0,0,9,9,0,0,0,0,9295,3300,5,20,19014409516066930,0,38,龙诗贤者
3300,21,35315,1,1,18560,0,14,14,0,0,0,9,9,0,0,0,0,0,3300,5,21,19014409516066930,0,40,ULK战士
3300,22,35240,1,9837,17022,0,15,15,0,0,0,9,9,0,0,0,0,0,3300,5,22,19014409516066930,0,40,ULK战士
3300,23,35319,1,4579,33154,0,15,15,0,0,0,9,9,0,0,0,0,9295,3300,5,23,19014409516066930,0,,
3300,24,35244,1,1,28667,0,14,16,0,0,0,9,9,0,0,0,0,9295,3300,5,24,19014409516066930,0,26,博兹雅法系
3300,25,35316,1,0,13222,0,15,15,0,0,0,9,9,0,0,0,0,9295,3300,5,25,19014409516066930,0,,
3300,26,35166,1,0,13296,0,0,0,0,0,0,0,0,0,0,0,0,9295,3300,5,26,19014409516066930,0,,
3300,27,35093,1,3615,56129,1,14,14,14,14,14,9,9,8,8,8,0,9295,3300,5,27,19014409516066930,0,,
3300,29,38154,1,3128,21437,0,25,25,0,0,0,9,9,0,0,0,0,9295,3300,5,29,19014409516066930,0,38;41;42,龙诗贤者;ULK占星;绝欧学者
3300,30,30676,1,7128,17645,0,0,0,0,0,0,0,0,0,0,0,0,9295,3300,5,30,19014409516066930,0,,
3300,31,37813,1,2530,38347,1,15,16,0,0,0,7,7,0,0,0,0,9295,3300,5,31,19014409516066930,0,29;30;31;35;37;39,武士;武僧;龙骑士;钐镰客;博兹雅武士;博兹雅镰刀
3300,32,27013,1,6061,38014,0,15,15,0,0,0,7,7,0,0,0,0,9295,3300,5,32,19014409516066930,0,28,绝亚学者
3300,33,8575,1,1,2264,0,1523,1911,0,0,0,14,11,0,0,0,0,9295,3300,5,33,19014409516066930,0,,
3300,34,25626,1,1,30066,0,7,7,0,0,0,7,7,0,0,0,0,9295,3300,5,34,19014409516066930,0,28,绝亚学者
3400,0,10344,1,0,30000,0,0,0,0,0,0,0,0,0,0,0,0,0,3400,5,0,19014409516066930,0,5,烹调师
3400,1,10342,1,0,30000,0,0,0,0,0,0,0,0,0,0,0,0,0,3400,5,1,19014409516066930,0,13,裁衣匠
3400,2,4548,1,0,30000,0,0,0,0,0,0,0,0,0,0,0,0,0,3400,5,2,19014409516066930,0,1,黑魔法师
3400,3,8839,1,0,30000,0,0,0,0,0,0,0,0,0,0,0,0,0,3400,5,3,19014409516066930,0,6,暗黑骑士
3400,4,4549,1,0,30000,0,0,0,0,0,0,0,0,0,0,0,0,0,3400,5,4,19014409516066930,0,0;21;26;27,召唤师;ULK召唤;博兹雅法系;博兹雅召唤
3400,6,4544,1,0,30000,0,0,0,0,0,0,0,0,0,0,0,0,0,3400,5,6,19014409516066930,0,23;40,战士;ULK战士
3400,7,4550,1,0,30000,0,0,0,0,0,0,0,0,0,0,0,0,0,3400,5,7,19014409516066930,0,7;28;42,学者;绝亚学者;绝欧学者
3400,8,4545,1,0,30000,0,0,0,0,0,0,0,0,0,0,0,0,0,3400,5,8,19014409516066930,0,31,龙骑士
3400,9,33354,1,0,30000,0,0,0,0,0,0,0,0,0,0,0,0,0,3400,5,9,19014409516066930,0,35;39,钐镰客;博兹雅镰刀
3400,10,4543,1,0,30000,0,0,0,0,0,0,0,0,0,0,0,0,0,3400,5,10,19014409516066930,0,30,武僧
3400,11,4542,1,0,30000,0,0,0,0,0,0,0,0,0,0,0,0,0,3400,5,11,19014409516066930,0,24,骑士
3400,12,7886,1,0,30000,0,0,0,0,0,0,0,0,0,0,0,0,0,3400,5,12,19014409516066930,0,25,忍者
3400,13,4547,1,0,30000,0,0,0,0,0,0,0,0,0,0,0,0,0,3400,5,13,19014409516066930,0,19,白魔法师
3400,14,17741,1,0,30000,0,0,0,0,0,0,0,0,0,0,0,0,0,3400,5,14,19014409516066930,0,29;37,武士;博兹雅武士
3400,15,25217,1,0,30000,0,0,0,0,0,0,0,0,0,0,0,0,0,3400,5,15,19014409516066930,0,32,舞者
3400,16,17740,1,0,30000,0,0,0,0,0,0,0,0,0,0,0,0,0,3400,5,16,19014409516066930,0,20,赤魔法师
3400,17,4546,1,0,30000,0,0,0,0,0,0,0,0,0,0,0,0,0,3400,5,17,19014409516066930,0,33,吟游诗人
3400,18,25216,1,0,30000,0,0,0,0,0,0,0,0,0,0,0,0,0,3400,5,18,19014409516066930,0,9,绝枪战士
3400,19,22747,1,0,30000,0,0,0,0,0,0,0,0,0,0,0,0,0,3400,5,19,19014409516066930,0,18;36,青魔法师;加雷马触发
3400,20,8840,1,0,30000,0,0,0,0,0,0,0,0,0,0,0,0,0,3400,5,20,19014409516066930,0,15;41,占星术士;ULK占星
3400,21,33355,1,0,30000,0,0,0,0,0,0,0,0,0,0,0,0,0,3400,5,21,19014409516066930,0,34;38,贤者;龙诗贤者
3400,22,8574,1,0,30000,0,0,0,0,0,0,0,0,0,0,0,0,0,3400,5,22,19014409516066930,0,22,机工士
3500,0,41043,1,1275,28256,0,16,14,0,0,0,9,9,0,0,0,0,0,3500,5,0,19014409516066930,0,0;26,召唤师;博兹雅法系
3500,1,38400,1,2079,27818,0,0,0,0,0,0,0,0,0,0,0,0,0,3500,5,1,19014409516066930,0,24,骑士
3500,2,24709,1,1,8801,0,954,957,954,957,957,4,2,5,5,3,0,0,3500,5,2,19014409516066930,0,40,ULK战士
3500,3,38415,1,0,30000,0,0,0,0,0,0,0,0,0,0,0,0,0,3500,5,3,19014409516066930,0,9,绝枪战士
3500,4,38891,1,4201,26693,1,21,21,21,22,0,9,9,8,8,0,0,31715,3500,5,4,19014409516066930,0,8,锻铁匠
3500,5,38403,1,0,30000,0,0,0,0,0,0,0,0,0,0,0,0,0,3500,5,5,19014409516066930,0,31,龙骑士
3500,6,38099,1,0,30000,0,0,0,0,0,0,0,0,0,0,0,0,0,3500,5,6,19014409516066930,0,35,钐镰客
3500,7,38418,1,0,51755,0,0,0,0,0,0,0,0,0,0,0,0,0,3500,5,7,19014409516066930,0,39,博兹雅镰刀
3500,8,38401,1,0,30000,0,0,0,0,0,0,0,0,0,0,0,0,0,3500,5,8,19014409516066930,0,30,武僧
3500,9,38406,1,509,29778,0,0,0,0,0,0,0,0,0,0,0,0,0,3500,5,9,19014409516066930,0,6,暗黑骑士
3500,10,38413,1,0,30000,0,0,0,0,0,0,0,0,0,0,0,0,0,3500,5,10,19014409516066930,0,,
3500,11,38405,1,0,30000,0,0,0,0,0,0,0,0,0,0,0,0,0,3500,5,11,19014409516066930,0,25,忍者
3500,12,38412,1,6962,14449,0,0,0,0,0,0,0,0,0,0,0,0,0,3500,5,12,19014409516066930,0,15;41,占星术士;ULK占星
3500,13,39948,1,10000,26889,0,25,25,0,0,0,9,9,0,0,0,0,0,3500,5,13,19014409516066930,0,19,白魔法师
3500,14,39956,1,1960,27728,0,0,0,0,0,0,0,0,0,0,0,0,0,3500,5,14,19014409516066930,0,32,舞者
3500,15,38416,1,0,30000,0,0,0,0,0,0,0,0,0,0,0,0,0,3500,5,15,19014409516066930,0,,
3500,16,41035,1,941,23759,0,14,14,0,0,0,9,9,0,0,0,0,0,3500,5,16,19014409516066930,0,23,战士
3500,17,39930,1,0,30000,0,1403,1405,1404,0,0,7,7,2,0,0,0,0,3500,5,17,19014409516066930,0,,
3500,18,38414,1,0,29321,0,0,0,0,0,0,0,0,0,0,0,0,0,3500,5,18,19014409516066930,0,20,赤魔法师
3500,19,38409,1,297,20477,0,0,0,0,0,0,0,0,0,0,0,0,0,3500,5,19,19014409516066930,0,1,黑魔法师
3500,20,40345,1,2308,32742,0,15,15,0,0,0,7,7,0,0,0,0,0,3500,5,20,19014409516066930,0,18;36,青魔法师;加雷马触发
3500,21,36960,1,2171,38240,0,15,15,14,0,0,9,9,9,0,0,0,0,3500,5,21,19014409516066930,0,38,龙诗贤者
3500,22,38094,1,0,43977,0,0,0,0,0,0,0,0,0,0,0,0,0,3500,5,22,19014409516066930,0,29;37,武士;博兹雅武士
3500,23,38408,1,7082,13472,0,14,14,0,0,0,9,9,0,0,0,0,0,3500,5,23,19014409516066930,0,,
3500,24,36951,1,4491,33000,0,15,15,14,0,0,9,9,9,0,0,0,0,3500,5,24,19014409516066930,0,,
3500,25,28299,1,949,28699,0,14,14,16,0,0,7,7,7,0,0,0,0,3500,5,25,19014409516066930,0,,
3500,26,39151,1,5644,24407,0,16,16,0,0,0,9,9,0,0,0,0,0,3500,5,26,19014409516066930,0,22,机工士
3500,27,38411,1,5439,43605,0,0,0,0,0,0,0,0,0,0,0,0,0,3500,5,27,19014409516066930,0,,
3500,28,36954,1,3212,33151,0,15,15,14,0,0,9,9,9,0,0,0,35256,3500,5,28,19014409516066930,0,,
3500,29,38404,1,0,27662,0,0,0,0,0,0,0,0,0,0,0,0,0,3500,5,29,19014409516066930,0,33,吟游诗人
3500,30,38892,1,7201,47103,1,21,21,23,23,22,9,9,8,8,8,0,31716,3500,5,30,19014409516066930,0,11,铸甲匠
3500,31,38417,1,0,29889,0,0,0,0,0,0,0,0,0,0,0,0,0,3500,5,31,19014409516066930,0,,
3500,32,39175,1,2932,15373,0,25,25,25,0,0,9,9,9,0,0,0,0,3500,5,32,19014409516066930,0,42,绝欧学者
3500,33,38890,1,9318,23359,1,21,21,21,22,0,9,9,8,8,0,0,31714,3500,5,33,19014409516066930,0,10,刻木匠
3500,34,40107,1,1919,46534,0,15,15,0,0,0,9,9,0,0,0,0,0,3500,5,34,19014409516066930,0,34,贤者
3500,35,40176,1,9019,29400,0,25,25,0,0,0,9,9,0,0,0,0,0,3500,5,35,19014409516066930,0,7,学者
3500,36,38893,1,6120,28009,1,21,21,21,22,0,9,9,8,8,0,0,31717,3500,5,36,19014409516066930,0,12,雕金匠
3500,37,38894,1,2053,29894,1,21,21,23,23,22,9,9,8,8,8,0,31718,3500,5,37,19014409516066930,0,14,制革匠
3500,38,38895,1,845,32099,1,21,21,23,23,22,9,9,8,8,8,0,31719,3500,5,38,19014409516066930,0,13,裁衣匠
3500,39,24717,1,1,36733,0,964,973,964,964,973,9,9,1,7,2,0,0,3500,5,39,19014409516066930,0,21,ULK召唤
3500,40,38897,1,4309,44966,1,21,21,23,23,22,9,9,8,8,8,0,31721,3500,5,40,19014409516066930,0,5,烹调师
3500,41,38898,1,1891,51217,1,18,19,18,20,0,9,9,8,8,0,0,31723,3500,5,41,19014409516066930,0,2,采矿工
3500,42,38899,1,1551,23554,1,18,19,18,20,0,9,9,8,8,0,0,31722,3500,5,42,19014409516066930,0,3,园艺工
3500,43,38900,1,319,19345,1,0,0,0,0,0,0,0,0,0,0,0,30303,3500,5,43,19014409516066930,0,16,捕鱼人
3500,44,39922,1,957,24208,0,1403,1405,1408,0,0,7,7,2,0,0,0,0,3500,5,44,19014409516066930,0,,
