40411,1045,128095.65,0,297779,0,0,05/10/2025 01:58:23,05/19/2025 21:47:50,3
13708,1045,156346.75,0,154900,0,20,05/19/2025 00:02:06,05/19/2025 21:48:00,20
33933,1045,256.2,0,217,0,9,05/18/2025 22:49:15,05/19/2025 21:48:09,20
42876,1045,0,115457,0,111081,5,05/18/2025 00:24:37,05/19/2025 21:47:55,2
13591,1045,4117,0,3000,0,7,05/18/2025 22:11:55,05/19/2025 21:47:34,11
44162,1045,0,1182.2,799,1099,20,05/19/2025 20:55:50,05/19/2025 21:47:34,20
13115,1045,246444.2,0,247897,0,20,05/19/2025 05:02:01,05/19/2025 21:48:00,20
5679,1045,1377,0,1295,0,9,05/18/2025 11:47:11,05/19/2025 21:48:15,7
13271,1045,27953,27541,31111,31109,2,05/18/2025 08:12:20,05/19/2025 21:47:49,7
23356,1045,2636388.8,0,49999,0,2,05/18/2025 01:01:59,05/19/2025 21:47:46,2
30054,1045,375498.94,0,388887,0,0,05/05/2025 19:21:41,05/19/2025 21:47:50,1
42928,1045,0,76628.15,0,64985,9,05/19/2025 15:18:19,05/19/2025 21:47:53,10
25196,1045,921.7,0,800,0,0,05/10/2025 17:05:54,05/19/2025 21:48:13,16
5696,1045,812.05,0,90,0,3,05/15/2025 21:57:32,05/19/2025 21:48:13,4
40410,1045,208412.9,0,209996,0,2,05/16/2025 01:05:25,05/19/2025 21:47:49,9
5786,1045,1023.7,0,997,0,6,05/18/2025 13:35:47,05/19/2025 21:47:57,13
24856,1045,641494.3,0,1199998,0,0,09/11/2024 20:21:57,05/19/2025 21:47:52,1
44166,1045,0,1668.1,1000,1665,20,05/19/2025 20:54:06,05/19/2025 21:47:34,20
28591,1045,799273.8,866258,949999,949999,0,05/06/2025 14:14:34,05/19/2025 21:47:50,8
14269,1045,1747.1,0,998,0,0,05/02/2025 12:40:30,05/19/2025 21:48:02,8
40414,1045,225628.06,313885.25,344435,344435,1,05/17/2025 07:54:46,05/19/2025 21:47:49,4
8558,1045,906095.1,0,770000,0,4,05/16/2025 22:29:08,05/19/2025 21:47:43,20
35859,1045,36405056,0,79998,0,1,05/18/2025 09:30:12,05/19/2025 21:47:43,12
41774,1045,991.6,0,1199,0,20,05/19/2025 18:03:08,05/19/2025 21:48:09,20
33925,1045,2864.85,0,2880,0,16,05/18/2025 16:47:19,05/19/2025 21:48:13,20
5809,1045,1482.8,0,1000,0,0,05/10/2025 13:44:38,05/19/2025 21:48:00,17
41760,1045,4686,0,6000,0,20,05/19/2025 20:09:42,05/19/2025 21:48:09,20
44426,1045,0,219797,49996,149618,3,05/16/2025 22:35:27,05/19/2025 21:47:52,7
11,1045,22.4,0,24,0,20,05/18/2025 19:45:05,05/19/2025 21:47:38,20
15925,1045,84747.95,0,135000,0,9,05/18/2025 00:01:24,05/19/2025 21:47:46,4
7621,1045,338,0,270,0,17,05/18/2025 11:43:13,05/19/2025 21:47:34,9
33920,1045,225.4,0,215,0,7,05/17/2025 14:57:42,05/19/2025 21:48:09,20
16627,1045,2333,3626.4707,2000,4499,1,05/16/2025 14:50:33,05/19/2025 21:47:36,8
22476,1045,6153.45,0,6000,0,1,05/15/2025 15:47:37,05/19/2025 21:48:02,8
44428,1045,0,149387.25,0,149150,3,05/14/2025 18:58:49,05/19/2025 21:47:52,17
14277,1045,90.6,0,49,0,0,04/13/2025 16:02:12,05/19/2025 21:48:04,11
8561,1045,942493.9,0,800000,500000000,6,05/15/2025 23:48:06,05/19/2025 21:47:49,20
41807,1045,88085.15,0,89979,0,20,05/18/2025 22:27:04,05/19/2025 21:47:34,20
30758,1045,147994.6,167569.6,169999,171960,1,05/14/2025 00:52:22,05/19/2025 21:47:50,15
44422,1045,0,168743.45,0,149634,3,05/14/2025 18:58:16,05/19/2025 21:47:52,10
44437,1045,0,147699.45,0,147621,12,05/19/2025 17:19:55,05/19/2025 21:47:36,13
13116,1045,82463.8,0,68001,0,20,05/19/2025 18:05:51,05/19/2025 21:48:00,20
13711,1045,1985.6,0,800,0,2,05/15/2025 17:14:55,05/19/2025 21:48:00,20
23904,1045,533707.06,0,799435,0,0,05/10/2025 17:09:36,05/19/2025 21:47:57,1
23102,1045,13960023,0,465,500,0,04/20/2025 03:39:54,05/19/2025 21:47:43,6
37441,1045,138133.8,0,79990,0,0,05/02/2025 00:02:21,05/19/2025 21:48:04,20
33121,1045,28337.05,0,42000,0,0,05/11/2025 10:26:59,05/19/2025 21:48:02,4
33938,1045,1874.7,0,2000,0,20,05/18/2025 16:46:20,05/19/2025 21:48:13,20
22527,1045,535790.06,0,599271,0,0,04/20/2025 20:35:45,05/19/2025 21:47:57,1
29714,1045,7.9,0,5,0,0,05/09/2025 12:10:37,05/19/2025 21:47:34,12
28904,1045,811.55,0,599,0,0,05/02/2025 00:02:47,05/19/2025 21:48:04,9
30759,1045,164676.5,0,150000,0,0,05/08/2025 12:49:51,05/19/2025 21:47:46,11
35994,1045,13000149,14,160,1484,1,05/15/2025 01:56:33,05/19/2025 21:47:50,9
41778,1045,24608.3,0,22218,0,20,05/19/2025 13:39:08,05/19/2025 21:48:13,20
17544,1045,30434384,195,440,0,0,03/25/2025 15:32:17,05/19/2025 21:47:43,11
33916,1045,195.55,0,229,0,20,05/17/2025 22:33:30,05/19/2025 21:47:34,20
33940,1045,318.4,0,384,0,20,05/18/2025 17:01:29,05/19/2025 21:48:13,20
11078,1045,0,864009.6,0,13900,1,05/15/2025 21:43:36,05/19/2025 21:47:50,16
30119,1045,11524.25,0,10766,0,7,05/17/2025 19:26:27,05/19/2025 21:47:57,10
41773,1045,11841.25,0,10997,0,20,05/18/2025 23:44:01,05/19/2025 21:48:09,20
43343,1045,0,47831.85,0,23991,10,05/17/2025 19:55:55,05/19/2025 21:47:54,17
13720,1045,292.9,0,795,0,14,05/15/2025 01:43:35,05/19/2025 21:48:00,20
41779,1045,27233,0,24996,0,20,05/18/2025 21:28:38,05/19/2025 21:48:13,20
16810,1045,65286.55,0,90000,0,0,05/02/2025 00:13:39,05/19/2025 21:48:02,6
27669,1045,793121.2,2117,3000,0,0,02/18/2025 18:07:18,05/19/2025 21:47:43,1
43322,1045,0,45403.5,0,42281,5,05/18/2025 14:31:09,05/19/2025 21:47:53,14
43282,1045,0,84108.6,0,75842,0,05/08/2025 08:54:34,05/19/2025 21:47:52,10
25194,1045,893.95,0,1199,0,16,05/18/2025 17:01:48,05/19/2025 21:48:13,13
26732,1045,340,0,119,0,12,05/13/2025 15:15:12,05/19/2025 21:48:09,18
5773,1045,524.5,0,2,0,0,05/10/2025 18:06:18,05/19/2025 21:47:57,20
15596,1045,0,12265.85,0,17998,0,04/13/2025 00:19:49,05/19/2025 21:47:41,5
36837,1045,96666.29,141452.77,0,99999,7,05/16/2025 18:28:37,05/19/2025 21:47:43,6
5697,1045,642.35,0,998,0,19,05/19/2025 15:12:58,05/19/2025 21:48:13,20
8,1045,39.6,0,40,0,20,05/19/2025 16:52:22,05/19/2025 21:47:38,20
30052,1045,6014477,0,308829,0,2,05/17/2025 14:38:09,05/19/2025 21:47:46,3
44412,1045,80000,149908.8,0,149629,2,05/14/2025 18:57:26,05/19/2025 21:47:55,4
39876,1045,0,624.75,998,598,0,05/10/2025 20:48:40,05/19/2025 21:47:34,12
10033,1045,1500210,0,14000,0,18,05/18/2025 11:50:03,05/19/2025 21:47:46,20
5793,1045,974,0,1100,0,5,05/19/2025 05:11:51,05/19/2025 21:47:57,16
26735,1045,200.35,0,129,0,0,05/03/2025 16:07:37,05/19/2025 21:48:13,20
8166,1045,117848.4,0,117975,0,13,05/18/2025 18:33:32,05/19/2025 21:48:02,20
15833,1045,10252.35,0,3000,0,0,05/03/2025 21:51:22,05/19/2025 21:48:04,20
13256,1045,546560.25,4499,9899,7998,6,05/17/2025 18:36:46,05/19/2025 21:47:43,11
41761,1045,798.35,0,1192,0,20,05/19/2025 19:50:30,05/19/2025 21:48:09,20
5780,1045,950.85,0,992,0,0,05/04/2025 23:05:58,05/19/2025 21:47:57,2
33935,1045,884.4,0,1110,0,20,05/13/2025 21:45:51,05/19/2025 21:48:09,20
8170,1045,45059.35,0,66000,0,0,05/09/2025 23:02:38,05/19/2025 21:47:34,1
31998,1045,115.05,0,180,0,20,05/18/2025 20:52:29,05/19/2025 21:48:15,6
44441,1045,0,149711.66,0,149493,8,05/19/2025 17:20:14,05/19/2025 21:47:36,16
44417,1045,0,149351.45,149188,149141,4,05/14/2025 18:57:47,05/19/2025 21:47:55,16
7766,1045,1674.3,0,1800,0,20,05/19/2025 00:08:17,05/19/2025 21:47:34,20
38243,1045,1961437.8,31299.666,44990,44499,2,05/18/2025 13:24:09,05/19/2025 21:47:43,4
14276,1045,1.75,0,1,0,0,05/12/2025 12:14:13,05/19/2025 21:48:04,11
43319,1045,0,91374,0,40000,2,05/17/2025 15:12:50,05/19/2025 21:47:52,20
5687,1045,568.4,0,555,0,17,05/18/2025 12:19:08,05/19/2025 21:48:09,20
36379,1045,1207.25,0,1664,0,1,05/15/2025 17:57:01,05/19/2025 21:48:04,18
7750,1045,23838.35,0,42999,0,0,01/29/2025 06:52:20,05/19/2025 21:48:02,9
33918,1045,1270.6111,2893,210,0,16,05/17/2025 18:37:29,05/19/2025 21:48:09,20
43346,1045,0,60171.4,0,61146,13,05/19/2025 17:20:29,05/19/2025 21:47:36,10
8165,1045,70.7,0,90,0,0,05/12/2025 15:25:03,05/19/2025 21:48:02,20
42900,1045,0,140258.16,0,142962,5,05/19/2025 16:26:36,05/19/2025 21:47:53,8
26734,1045,408.3,0,298,0,2,05/17/2025 12:56:43,05/19/2025 21:48:13,18
44416,1045,30709,149341.11,0,125885,2,05/13/2025 22:28:46,05/19/2025 21:47:55,5
15832,1045,1735.1,0,5998,0,0,04/14/2025 14:33:07,05/19/2025 21:48:04,6
33942,1045,179.35,0,288,0,0,05/11/2025 13:39:10,05/19/2025 21:48:09,20
33919,1045,190.9,0,215,0,12,05/19/2025 17:50:18,05/19/2025 21:48:09,20
44438,1045,0,149732.7,0,149514,8,05/19/2025 17:20:00,05/19/2025 21:47:36,20
43283,1045,0,45457,0,25866,1,05/13/2025 03:08:58,05/19/2025 21:47:52,14
18553,1045,0,21518.8,0,33000,0,03/29/2025 03:14:45,05/19/2025 21:47:41,3
9289,1045,23785,24221.5,16886,24000,0,05/11/2025 20:05:07,05/19/2025 21:47:47,9
38244,1045,49611.75,55464.25,55397,55396,8,05/18/2025 18:22:35,05/19/2025 21:47:46,13
14280,1045,11.1,0,1,0,0,04/12/2025 18:46:13,05/19/2025 21:48:04,14
18043,1045,0,24380.95,0,0,0,04/20/2025 23:14:04,05/19/2025 21:47:41,0
17726,1045,42599.2,0,179998,0,0,03/31/2025 21:25:51,05/19/2025 21:47:50,4
5734,1045,400.4,0,333,0,20,05/19/2025 19:43:51,05/19/2025 21:47:57,10
13060,1045,28.65,0,20,0,0,05/12/2025 12:43:35,05/19/2025 21:48:13,20
8156,1045,509583.34,0,513887,0,15,05/18/2025 16:44:56,05/19/2025 21:47:57,20
31094,1045,1226461.5,12100,998,23655,0,04/25/2025 16:16:44,05/19/2025 21:47:43,12
41777,1045,3218.95,0,3246,0,20,05/19/2025 16:59:27,05/19/2025 21:48:13,20
42943,1045,0,63851.1,0,63898,20,05/19/2025 15:18:29,05/19/2025 21:47:54,3
7671,1045,131.65,0,1,0,0,05/12/2025 20:00:25,05/19/2025 21:47:34,20
41772,1045,12362.4,0,11899,0,20,05/19/2025 16:54:01,05/19/2025 21:48:09,20
26736,1045,1037,0,1399,0,14,05/15/2025 18:10:58,05/19/2025 21:48:13,18
10050,1045,6815680.5,0,1500,0,5,05/15/2025 20:33:33,05/19/2025 21:47:43,6
43323,1045,0,78225.35,0,69737,3,05/17/2025 19:48:08,05/19/2025 21:47:53,20
33936,1045,2226.3,0,1693,0,20,05/18/2025 15:04:58,05/19/2025 21:48:13,20
5713,1045,691.3,0,400,0,10,05/13/2025 09:50:37,05/19/2025 21:48:13,17
38900,1045,0,57164.2,0,74999,0,05/10/2025 03:12:41,05/19/2025 21:47:55,3
5801,1045,2719.8,0,1599,0,0,05/04/2025 15:17:07,05/19/2025 21:48:00,9
29715,1045,8.85,0,3,0,0,04/30/2025 17:52:27,05/19/2025 21:47:34,13
2983,1045,673627.1,0,0,0,0,09/06/2024 20:49:36,05/19/2025 21:47:43,0
41758,1045,7751.25,0,8000,0,20,05/19/2025 20:21:01,05/19/2025 21:48:09,20
25191,1045,1315.15,0,1873,0,7,05/14/2025 17:30:45,05/19/2025 21:48:09,20
14279,1045,7.05,0,1,0,1,05/15/2025 17:37:25,05/19/2025 21:48:04,12
18022,1045,204.2,0,120,0,0,05/07/2025 11:39:35,05/19/2025 21:48:09,20
33923,1045,6582.85,0,6996,0,20,05/18/2025 12:26:49,05/19/2025 21:48:13,20
33924,1045,669.05,0,600,0,14,05/19/2025 20:47:55,05/19/2025 21:48:13,20
30761,1045,236226.9,0,431864,0,3,05/16/2025 22:36:55,05/19/2025 21:47:50,5
25845,1045,0,12602.9,0,0,0,04/09/2025 20:03:03,05/19/2025 21:47:47,0
33921,1045,188.1,0,188,0,7,05/17/2025 18:37:52,05/19/2025 21:48:09,20
5785,1045,530,0,500,0,20,05/18/2025 22:56:34,05/19/2025 21:47:57,8
13713,1045,7223.75,0,9998,0,5,05/18/2025 22:58:35,05/19/2025 21:48:00,20
13715,1045,10135.3,0,9800,0,13,05/19/2025 08:12:14,05/19/2025 21:48:00,20
19,1045,11.65,0,35,0,17,05/18/2025 23:04:00,05/19/2025 21:47:38,20
5698,1045,1983.6,0,1888,0,15,05/16/2025 23:31:25,05/19/2025 21:48:13,20
41769,1045,2493.3,0,1985,0,20,05/19/2025 08:24:52,05/19/2025 21:48:09,20
41771,1045,11785.2,0,11948,0,20,05/19/2025 21:11:21,05/19/2025 21:48:09,20
21800,1045,162.1,0,165,0,20,05/19/2025 10:17:21,05/19/2025 21:47:34,20
4868,1045,183.05,0,132,0,2,05/17/2025 02:16:06,05/19/2025 21:47:34,20
23830,1045,7000,12459.211,25900,9999,0,05/12/2025 19:33:11,05/19/2025 21:47:50,13
26278,1045,0,42836.5,0,0,0,01/11/2025 23:23:53,05/19/2025 21:47:39,0
43342,1045,0,32148.25,0,25996,9,05/17/2025 22:32:10,05/19/2025 21:47:54,14
5738,1045,534.75,0,500,0,19,05/17/2025 16:57:09,05/19/2025 21:47:57,4
33930,1045,190,0,217,0,0,05/07/2025 23:43:43,05/19/2025 21:48:09,18
30123,1045,40136.45,0,40394,0,20,05/19/2025 17:19:38,05/19/2025 21:48:00,20
13721,1045,4647.25,0,6000,0,8,05/18/2025 21:34:55,05/19/2025 21:48:00,6
44427,1045,80000,149377.73,0,149050,3,05/15/2025 23:52:34,05/19/2025 21:47:52,20
13595,1045,7046.1,0,6000,0,9,05/18/2025 22:12:44,05/19/2025 21:47:34,9
10395,1045,1189917.6,137998,137999,137998,2,05/18/2025 00:10:55,05/19/2025 21:47:47,7
23167,1045,122.333336,586.4545,300,200,0,05/12/2025 12:37:50,05/19/2025 21:47:34,20
10034,1045,200,0,74439,0,16,05/16/2025 05:01:07,05/19/2025 21:47:47,15
25958,1045,0,47149.3,67800,0,0,03/07/2025 21:07:20,05/19/2025 21:47:41,2
44035,1045,1584.95,0,1690,0,20,05/18/2025 22:19:06,05/19/2025 21:47:34,16
16621,1045,11972342,6000025,498,0,0,05/07/2025 12:25:23,05/19/2025 21:47:43,5
28631,1045,1093182.8,0,1188000,0,9,05/15/2025 21:53:32,05/19/2025 21:48:00,9
13712,1045,459.7,0,110,0,4,05/19/2025 14:19:40,05/19/2025 21:48:00,20
13709,1045,795.7,0,1270,0,7,05/16/2025 20:55:38,05/19/2025 21:48:00,20
33917,1045,168.6,0,208,0,2,05/17/2025 18:37:25,05/19/2025 21:48:09,20
26162,1045,0,30451.85,0,49468,0,04/05/2025 12:34:32,05/19/2025 21:47:41,4
44429,1045,0,149266.55,0,149221,9,05/17/2025 19:54:06,05/19/2025 21:47:52,3
5692,1045,814.85,0,800,0,16,05/17/2025 09:51:33,05/19/2025 21:48:09,9
30755,1045,121011.336,9616666,150000,240000,5,05/18/2025 01:46:29,05/19/2025 21:47:46,2
36053,1045,288.33334,169.92857,100,130,2,05/18/2025 01:31:11,05/19/2025 21:47:34,20
44434,1045,0,139287.7,0,139099,10,05/17/2025 19:54:44,05/19/2025 21:47:52,20
13117,1045,1008.75,0,495,0,5,05/16/2025 05:39:20,05/19/2025 21:48:00,20
10036,1045,3650170,0,41000,0,16,05/18/2025 23:10:40,05/19/2025 21:47:49,20
17861,1045,81693.5,0,97777,0,0,04/28/2025 20:49:52,05/19/2025 21:48:02,5
22519,1045,10382.45,0,10000,0,0,05/10/2025 17:43:12,05/19/2025 21:47:46,16
3,1045,34.95,0,34,0,20,05/18/2025 19:44:18,05/19/2025 21:48:15,20
44421,1045,0,141975.7,0,138876,8,05/19/2025 17:19:48,05/19/2025 21:47:55,3
20807,1045,44019180,0,300,7400,0,05/06/2025 19:02:46,05/19/2025 21:47:43,11
38264,1045,0,624.8,300,498,1,05/15/2025 02:14:26,05/19/2025 21:47:34,17
5691,1045,199.75,0,276,0,3,05/15/2025 21:49:18,05/19/2025 21:48:09,19
23001,1045,111841.64,146656.17,129989,180000,8,05/18/2025 16:24:09,05/19/2025 21:47:46,20
22515,1045,5012540,0,5000000,0,1,05/15/2025 13:58:36,05/19/2025 21:47:46,2
5,1045,57.8,0,45,0,12,05/18/2025 19:44:33,05/19/2025 21:48:15,7
17,1045,17.45,0,22,0,6,05/18/2025 22:40:06,05/19/2025 21:48:15,20
15856,1045,335.1,0,270,0,0,04/25/2025 19:28:20,05/19/2025 21:48:02,17
33928,1045,185.85,0,202,0,6,05/17/2025 18:38:18,05/19/2025 21:48:09,20
14270,1045,1750.35,0,1666,0,0,04/30/2025 00:56:19,05/19/2025 21:48:02,15
5787,1045,998.1,0,754,0,7,05/18/2025 15:49:01,05/19/2025 21:47:57,4
25193,1045,1319.5,0,4499,0,0,05/11/2025 01:39:39,05/19/2025 21:48:13,12
14291,1045,378.25,0,200,0,1,05/13/2025 17:50:26,05/19/2025 21:48:04,7
15831,1045,480.5,0,399,0,0,05/02/2025 12:40:16,05/19/2025 21:48:04,14
33934,1045,293.4,0,264,0,2,05/18/2025 22:34:30,05/19/2025 21:48:09,20
22518,1045,776104.6,0,554,0,2,05/17/2025 13:26:12,05/19/2025 21:47:50,9
43321,1045,0,36554,0,27735,13,05/18/2025 14:30:59,05/19/2025 21:47:52,8
18026,1045,1032.1,0,999,0,8,05/15/2025 19:21:24,05/19/2025 21:48:13,20
5755,1045,649.3,0,438,0,0,05/02/2025 20:43:49,05/19/2025 21:47:57,20
33927,1045,2932.85,0,2499,0,20,05/18/2025 23:54:21,05/19/2025 21:48:13,19
23351,1045,229238.1,0,284999,0,0,05/07/2025 17:28:40,05/19/2025 21:47:46,3
44051,1045,557.7059,800,999,1100,20,05/19/2025 13:42:10,05/19/2025 21:47:34,16
38658,1045,7252.8,0,4443,0,0,05/02/2025 00:02:18,05/19/2025 21:48:04,8
41782,1045,2288.45,0,3600,0,20,05/19/2025 08:24:56,05/19/2025 21:48:09,20
22528,1045,594189.1,0,799942,0,0,05/10/2025 17:09:25,05/19/2025 21:47:57,1
44436,1045,50000,144844.69,0,144690,9,05/17/2025 19:55:02,05/19/2025 21:47:53,16
31991,1045,179.5,0,165,0,6,05/17/2025 22:02:55,05/19/2025 21:48:15,20
5788,1045,999.85,0,750,0,6,05/18/2025 18:12:21,05/19/2025 21:47:57,5
27927,1045,4005905,45.333332,30,7000,0,04/26/2025 05:59:47,05/19/2025 21:47:43,7
23820,1045,19666.5,15863.8125,0,0,2,05/16/2025 10:00:39,05/19/2025 21:47:41,0
22973,1045,13336277,0,20000000,0,0,05/03/2025 14:38:42,05/19/2025 21:47:54,3
24592,1045,1687413,26999,23323,0,7,05/18/2025 21:38:37,05/19/2025 21:47:46,9
30133,1045,3088870.8,8000037,600,0,0,04/10/2025 21:29:08,05/19/2025 21:47:43,3
43271,1045,0,36932.05,0,19999,2,05/13/2025 22:19:04,05/19/2025 21:47:55,4
17632,1045,49939.8,0,100000,0,0,04/20/2025 00:12:08,05/19/2025 21:48:02,5
21203,1045,18949472,23333,7887,180000,0,05/07/2025 16:02:19,05/19/2025 21:47:46,9
25842,1045,0,23973.35,0,58888,0,04/09/2025 20:02:49,05/19/2025 21:47:41,1
7,1045,43.95,0,36,0,9,05/18/2025 19:44:47,05/19/2025 21:48:15,19
33926,1045,11480.8,0,11700,0,20,05/19/2025 21:27:13,05/19/2025 21:48:13,13
19123,1045,335,0,100,0,0,04/28/2025 17:49:17,05/19/2025 21:48:00,20
42938,1045,0,140283.16,0,144972,8,05/17/2025 21:29:26,05/19/2025 21:47:54,5
44431,1045,0,145310.3,139966,139929,5,05/14/2025 21:39:10,05/19/2025 21:47:50,14
23209,1045,189343.2,0,243999,0,2,05/15/2025 19:41:33,05/19/2025 21:48:00,20
9292,1045,5776960,0,37000,0,20,05/19/2025 21:28:21,05/19/2025 21:47:50,20
18025,1045,171.45,0,137,0,0,05/09/2025 22:19:49,05/19/2025 21:48:13,9
41775,1045,11619,0,11216,0,20,05/19/2025 16:54:24,05/19/2025 21:48:09,10
13722,1045,3167.1,0,10000,0,18,05/18/2025 22:59:15,05/19/2025 21:48:00,3
22307,1045,102132.45,0,199888,0,2,05/16/2025 18:59:18,05/19/2025 21:48:00,8
44163,1045,0,1186.2,500,1099,20,05/19/2025 21:28:05,05/19/2025 21:47:34,20
14268,1045,14.9,0,18,0,1,05/13/2025 22:44:20,05/19/2025 21:48:02,10
5765,1045,541.95,0,333,0,8,05/18/2025 15:43:30,05/19/2025 21:47:57,12
28518,1045,0,56484,0,0,0,07/13/2022 22:24:27,05/19/2025 21:47:57,0
29717,1045,918.15,0,1999,0,5,05/17/2025 14:45:08,05/19/2025 21:47:34,8
44418,1045,0,149861.2,0,149997,8,05/17/2025 19:53:58,05/19/2025 21:47:55,4
36070,1045,425,539.1053,0,500,0,05/05/2025 20:57:13,05/19/2025 21:47:34,6
5743,1045,349.1,0,570,0,1,05/14/2025 17:53:21,05/19/2025 21:47:57,6
15582,1045,280000,357677.16,0,480000,0,05/12/2025 00:13:28,05/19/2025 21:47:41,3
17837,1045,82.95,0,89,0,0,05/05/2025 15:23:50,05/19/2025 21:47:34,20
38956,1045,0,1057.5,600,1079,20,05/18/2025 23:17:45,05/19/2025 21:47:34,20
5808,1045,1022.4,0,999,0,4,05/18/2025 14:45:39,05/19/2025 21:48:00,17
36838,1045,231249.42,258445.53,199997,199995,2,05/17/2025 20:46:47,05/19/2025 21:47:46,13
5807,1045,570.55,0,456,0,4,05/17/2025 20:40:00,05/19/2025 21:48:00,19
5731,1045,491.2,0,327,0,0,05/10/2025 21:53:36,05/19/2025 21:47:57,8
9288,1045,38987.625,41525,40666,40700,0,04/16/2025 02:13:32,05/19/2025 21:47:49,4
33659,1045,184492.5,184507.83,184506,184495,14,05/19/2025 16:13:18,05/19/2025 21:47:43,15
5762,1045,1430.55,0,999,0,5,05/13/2025 20:26:54,05/19/2025 21:47:57,7
26323,1045,0,10043.05,0,8850,0,01/08/2025 18:37:31,05/19/2025 21:47:43,7
5740,1045,557.45,0,1000,0,17,05/18/2025 11:07:09,05/19/2025 21:47:57,13
33931,1045,337.5,0,329,0,15,05/18/2025 19:32:45,05/19/2025 21:48:09,20
44423,1045,0,149849.7,0,149680,2,05/14/2025 18:58:21,05/19/2025 21:47:52,5
42888,1045,0,174174.16,0,172962,9,05/19/2025 15:04:32,05/19/2025 21:47:55,3
43341,1045,0,46137.8,0,44990,7,05/17/2025 19:55:41,05/19/2025 21:47:54,13
4,1045,36.3,0,35,0,12,05/18/2025 19:44:30,05/19/2025 21:48:15,20
14289,1045,111.55,0,90,0,0,05/11/2025 15:46:37,05/19/2025 21:48:04,6
7763,1045,1602.85,0,1799,0,6,05/18/2025 00:50:03,05/19/2025 21:47:34,20
12,1045,22.6,0,23,0,20,05/19/2025 17:45:32,05/19/2025 21:47:38,20
30760,1045,57991.4,0,108878,0,0,05/11/2025 18:54:30,05/19/2025 21:47:49,11
5686,1045,433.45,0,200,0,1,05/16/2025 23:14:52,05/19/2025 21:48:09,20
5792,1045,785.2,0,990,0,2,05/17/2025 23:41:21,05/19/2025 21:47:57,11
42898,1045,0,59554,0,57953,12,05/19/2025 15:18:06,05/19/2025 21:47:52,15
7753,1045,577.7,0,90,0,0,01/29/2025 06:52:33,05/19/2025 21:47:34,5
44328,1045,669.45,0,899,0,0,05/10/2025 09:24:00,05/19/2025 21:48:04,10
14281,1045,21,0,5,0,0,04/24/2025 20:32:20,05/19/2025 21:48:04,7
7755,1045,13562.5,0,9000,0,1,05/13/2025 23:07:54,05/19/2025 21:47:34,20
29401,1045,52139,0,83330,0,2,05/17/2025 08:57:12,05/19/2025 21:48:00,20
26163,1045,0,26187.25,0,60000,0,03/02/2025 19:25:54,05/19/2025 21:47:43,1
30116,1045,9361.35,0,9399,0,20,05/19/2025 11:54:51,05/19/2025 21:47:57,20
15838,1045,9.45,0,30,0,0,05/03/2025 19:36:18,05/19/2025 21:48:04,8
25195,1045,11687.4,0,11499,0,20,05/18/2025 14:09:00,05/19/2025 21:48:13,20
23355,1045,1773491.5,0,10000000,0,2,05/16/2025 11:35:56,05/19/2025 21:47:43,2
22997,1045,187658.42,333332,420000,0,0,05/11/2025 19:09:26,05/19/2025 21:47:43,2
23002,1045,118436.31,165745,99994,0,0,05/11/2025 20:51:03,05/19/2025 21:47:49,3
44848,1045,4992.6,0,6878,0,20,05/18/2025 23:38:52,05/19/2025 21:47:34,15
5744,1045,499.95,0,500,0,6,05/17/2025 20:15:33,05/19/2025 21:47:57,8
42901,1045,0,46344.75,0,56992,6,05/18/2025 20:40:24,05/19/2025 21:47:53,8
23359,1045,29226.95,0,27000,0,0,04/27/2025 04:17:14,05/19/2025 21:47:50,2
14275,1045,15.1,0,58,0,0,05/04/2025 04:02:18,05/19/2025 21:48:04,4
2,1045,35.05,0,34,0,20,05/19/2025 03:03:37,05/19/2025 21:48:15,20
33937,1045,1705.7,0,1797,0,20,05/18/2025 11:48:11,05/19/2025 21:48:13,20
23906,1045,680085.5,0,1944122,0,0,04/18/2025 13:44:45,05/19/2025 21:47:57,1
5729,1045,397.95,0,332,0,19,05/17/2025 02:06:44,05/19/2025 21:47:57,10
23358,1045,70499.1,0,50000,0,2,05/15/2025 13:19:41,05/19/2025 21:47:49,3
9,1045,34.15,0,33,0,20,05/18/2025 19:44:56,05/19/2025 21:47:38,20
16618,1045,22150152,0,50000,0,0,05/07/2025 23:19:28,05/19/2025 21:47:43,2
41759,1045,7389.8,0,8048,0,20,05/19/2025 20:09:29,05/19/2025 21:48:09,20
18027,1045,237,0,1000,0,7,05/18/2025 17:02:10,05/19/2025 21:48:13,9
18023,1045,377.85,0,1200,0,10,05/14/2025 17:57:18,05/19/2025 21:48:09,12
30268,1045,416.05,0,401,0,0,04/26/2025 20:58:52,05/19/2025 21:48:04,11
13589,1045,2155.15,0,8000,0,4,05/18/2025 22:11:33,05/19/2025 21:47:34,15
25852,1045,0,5633.8,0,41109,0,04/01/2025 17:11:29,05/19/2025 21:47:50,2
41768,1045,833.8,0,939,0,20,05/19/2025 19:50:14,05/19/2025 21:48:09,20
43347,1045,0,30637.85,0,36991,20,05/19/2025 17:20:36,05/19/2025 21:47:36,14
9294,1045,1775860,0,14000,0,20,05/18/2025 21:32:49,05/19/2025 21:47:50,20
41781,1045,909.95,0,1099,0,20,05/19/2025 18:02:50,05/19/2025 21:48:09,20
30482,1045,27.142857,123.84615,50,280,0,05/09/2025 16:58:48,05/19/2025 21:47:34,14
13593,1045,12025.1,0,15000,0,3,05/18/2025 22:12:27,05/19/2025 21:47:34,7
5742,1045,600.1,0,881,0,0,05/12/2025 16:49:49,05/19/2025 21:47:57,5
13719,1045,618,0,699,0,8,05/18/2025 15:16:57,05/19/2025 21:48:00,20
22474,1045,1583.65,0,6333,0,0,04/01/2025 22:55:08,05/19/2025 21:48:02,11
5693,1045,1400.1,0,1799,0,0,04/27/2025 16:30:17,05/19/2025 21:48:09,20
24857,1045,1677.4,0,1995,0,0,04/18/2025 13:27:06,05/19/2025 21:47:39,5
44425,1045,0,149937.7,29999,149934,3,05/16/2025 21:23:48,05/19/2025 21:47:52,16
18244,1045,33333,26424.947,0,68888,0,03/29/2025 02:26:28,05/19/2025 21:47:47,1
33922,1045,5551.95,0,7548,0,20,05/18/2025 19:47:44,05/19/2025 21:48:09,20
6141,1045,472.05554,725,444,1199,13,05/17/2025 13:34:29,05/19/2025 21:47:34,20
17864,1045,615.7,0,301,0,0,05/02/2025 20:51:24,05/19/2025 21:48:04,8
5703,1045,641,0,498,0,11,05/15/2025 15:44:20,05/19/2025 21:48:13,20
16,1045,65.75,0,87,0,20,05/18/2025 19:45:28,05/19/2025 21:48:15,15
13717,1045,3075.85,0,899,0,1,05/13/2025 20:41:19,05/19/2025 21:48:00,20
26737,1045,215.1,0,160,0,2,05/18/2025 23:45:08,05/19/2025 21:48:13,15
41765,1045,11846.9,0,11111,0,20,05/19/2025 18:59:53,05/19/2025 21:48:13,20
33929,1045,141.9,0,206,0,7,05/17/2025 12:56:31,05/19/2025 21:48:09,20
22512,1045,3495,0,1999,0,0,05/10/2025 15:22:20,05/19/2025 21:47:49,7
27924,1045,1530053,2750450,2777,0,0,05/09/2025 17:14:29,05/19/2025 21:48:15,12
43345,1045,0,80706.55,0,95851,15,05/19/2025 17:20:25,05/19/2025 21:47:36,11
36841,1045,74162.52,134999,120000,119999,1,05/13/2025 23:09:04,05/19/2025 21:47:46,5
41763,1045,2499.1,0,2485,0,20,05/19/2025 11:31:57,05/19/2025 21:48:13,20
44329,1045,691.7,0,1880,0,0,05/10/2025 09:24:49,05/19/2025 21:48:04,8
38263,1045,300,719.1053,0,1111,0,05/04/2025 17:17:31,05/19/2025 21:47:34,5
38929,1045,558.75,2024.75,700,3998,2,05/12/2025 22:46:19,05/19/2025 21:47:34,11
21796,1045,537425.56,0,599830,0,0,05/12/2025 11:41:51,05/19/2025 21:47:57,6
25638,1045,80000,45171.156,0,34000,0,04/01/2025 21:37:16,05/19/2025 21:47:41,1
15829,1045,34284.6,0,150000,0,0,03/30/2025 22:19:13,05/19/2025 21:48:02,3
35093,1045,4269.6665,3217717,8888,7888,1,05/15/2025 02:53:27,05/19/2025 21:48:04,16
43344,1045,0,62564.1,0,69666,15,05/19/2025 17:20:19,05/19/2025 21:47:36,7
14271,1045,227.4,0,297,0,0,05/06/2025 00:19:31,05/19/2025 21:48:04,7
30757,1045,187249.67,207905.42,199961,199962,6,05/19/2025 00:13:14,05/19/2025 21:47:49,20
42941,1045,0,62419.4,0,62989,11,05/19/2025 19:02:08,05/19/2025 21:47:54,5
36842,1045,1181376.1,133331.33,99996,99998,2,05/17/2025 20:47:25,05/19/2025 21:47:49,13
14181,1045,265.65,0,197,0,3,05/17/2025 19:15:11,05/19/2025 21:48:04,20
40408,1045,72343.69,153885,120000,0,1,05/13/2025 00:44:56,05/19/2025 21:47:43,6
18024,1045,264.5,0,109,0,0,04/30/2025 09:56:04,05/19/2025 21:48:13,20
22510,1045,5015599,0,11887,0,2,05/17/2025 09:13:03,05/19/2025 21:47:46,20
42919,1045,70000,114240.945,0,112898,11,05/19/2025 15:03:36,05/19/2025 21:47:52,13
44419,1045,0,149110.4,0,147893,9,05/18/2025 22:17:54,05/19/2025 21:47:36,10
44440,1045,110325,110412.945,110325,110289,10,05/19/2025 17:20:10,05/19/2025 21:47:36,14
43340,1045,0,46177.8,0,37990,9,05/17/2025 22:32:18,05/19/2025 21:47:53,20
44424,1045,30000,96585.89,0,0,2,05/13/2025 22:28:18,05/19/2025 21:47:52,0
41764,1045,3734.7,0,3392,0,20,05/19/2025 00:44:59,05/19/2025 21:48:13,20
13258,1045,9368839,666,990,3499,0,05/03/2025 18:31:35,05/19/2025 21:47:43,6
44433,1045,0,117926.15,0,104917,10,05/17/2025 19:54:31,05/19/2025 21:47:52,8
16026,1045,325.4,0,100,0,1,05/18/2025 04:22:14,05/19/2025 21:47:34,5
29716,1045,6.75,0,3,0,0,04/30/2025 17:52:37,05/19/2025 21:47:34,10
14278,1045,34.2,0,22,0,1,05/19/2025 12:59:38,05/19/2025 21:48:04,8
44435,1045,0,114738.3,0,149890,12,05/17/2025 19:54:53,05/19/2025 21:47:53,7
44133,1045,3583.3,0,2900,0,20,05/19/2025 21:10:59,05/19/2025 21:47:34,20
35869,1045,43562.3,43952.9,43998,43997,3,05/18/2025 00:10:22,05/19/2025 21:47:47,8
24855,1045,568333.1,0,1500000,0,0,07/03/2024 13:53:37,05/19/2025 21:47:52,1
17537,1045,23790328,0,880,48000,1,05/15/2025 22:58:05,05/19/2025 21:47:43,10
44439,1045,107813,107833.266,0,107743,10,05/19/2025 17:20:05,05/19/2025 21:47:36,15
10373,1045,1346,0,1346,0,20,05/19/2025 18:35:56,05/19/2025 21:47:34,20
6,1045,44.55,0,53,0,20,05/18/2025 19:44:42,05/19/2025 21:48:15,16
5805,1045,1138.55,0,996,0,7,05/18/2025 16:39:21,05/19/2025 21:48:00,19
9293,1045,9927541,0,24000,0,20,05/18/2025 22:45:06,05/19/2025 21:47:50,15
14292,1045,4.3,0,1,0,0,04/14/2025 15:23:03,05/19/2025 21:48:04,8
43320,1045,0,61683.4,0,79864,4,05/18/2025 14:31:25,05/19/2025 21:47:52,7
41762,1045,2737.5,0,1996,0,20,05/19/2025 11:34:23,05/19/2025 21:48:09,20
25843,1045,0,28514.75,0,50000,0,04/23/2025 01:25:22,05/19/2025 21:47:43,2
37293,1045,15842198,0,26664,25999,1,05/15/2025 20:12:53,05/19/2025 21:47:50,7
33939,1045,2898.8,0,2900,0,20,05/18/2025 18:07:14,05/19/2025 21:48:13,20
5739,1045,1910.95,0,1880,0,0,05/06/2025 21:53:08,05/19/2025 21:47:57,6
44413,1045,0,187409.25,0,149830,3,05/14/2025 18:57:31,05/19/2025 21:47:55,2
44415,1045,39999,154852.58,142993,142986,4,05/16/2025 22:35:23,05/19/2025 21:47:55,5
40413,1045,197692.9,199195.5,312222,339900,11,05/18/2025 23:02:04,05/19/2025 21:47:46,8
13716,1045,14907.95,0,21500,0,17,05/19/2025 01:33:07,05/19/2025 21:48:00,18
36116,1045,0,290.65,197,542,4,05/17/2025 10:58:11,05/19/2025 21:47:34,20
21794,1045,316638.3,0,399922,0,0,05/09/2025 21:29:33,05/19/2025 21:47:57,2
44178,1045,1500,1876.4736,0,1869,20,05/19/2025 20:49:44,05/19/2025 21:47:34,20
15,1045,2.35,0,3,0,20,05/18/2025 19:45:24,05/19/2025 21:48:15,20
13,1045,41.5,0,43,0,20,05/19/2025 20:17:40,05/19/2025 21:47:38,20
5712,1045,1483.7,0,1234,0,16,05/18/2025 17:15:05,05/19/2025 21:48:13,20
2679,1045,200012.7,0,14,0,0,05/11/2025 20:12:19,05/19/2025 21:47:43,2
41766,1045,8965.2,0,9200,0,20,05/18/2025 17:16:12,05/19/2025 21:48:13,20
5632,1045,168.65,0,100,0,3,05/17/2025 15:20:31,05/19/2025 21:47:34,6
44420,1045,50000,129650.31,0,128790,5,05/14/2025 21:38:58,05/19/2025 21:47:55,5
22516,1045,11151984,0,1799,0,1,05/17/2025 10:37:19,05/19/2025 21:47:47,9
27960,1045,1364,1620.6875,1329,1320,4,05/16/2025 17:19:30,05/19/2025 21:47:34,15
16807,1045,47449.7,0,70000,0,0,04/18/2025 17:02:00,05/19/2025 21:48:02,2
8559,1045,2341748,0,2666665,0,10,05/19/2025 11:26:02,05/19/2025 21:47:46,20
36378,1045,1108.95,0,1111,0,0,05/02/2025 00:02:27,05/19/2025 21:48:04,20
14293,1045,123.6,0,10,0,0,04/19/2025 16:02:40,05/19/2025 21:48:04,11
5811,1045,500,0,500,0,2,05/18/2025 10:18:07,05/19/2025 21:48:00,8
5795,1045,669.3,0,500,0,5,05/18/2025 10:51:34,05/19/2025 21:48:00,10
39676,1045,34876.11,34773.637,44999,0,9,05/16/2025 16:07:18,05/19/2025 21:47:43,2
14288,1045,8.35,0,3,0,0,02/03/2025 22:09:34,05/19/2025 21:48:04,9
31997,1045,80.05,0,100,0,20,05/19/2025 11:37:24,05/19/2025 21:48:15,20
15836,1045,27.85,0,48,0,0,05/10/2025 15:30:33,05/19/2025 21:48:00,5
35833,1045,100241.9,0,118999,0,20,05/17/2025 19:17:42,05/19/2025 21:48:15,6
2728,1045,17253342,8485538,0,0,1,05/12/2025 22:50:18,05/19/2025 21:47:43,0
15827,1045,5543.05,0,2600,0,0,04/30/2025 23:10:03,05/19/2025 21:48:02,20
5754,1045,490.85,0,500,0,5,05/13/2025 20:22:33,05/19/2025 21:47:57,20
45072,1045,15602.65,0,16880,0,20,05/19/2025 06:54:01,05/19/2025 21:47:34,20
13718,1045,745.05,0,490,0,0,05/10/2025 01:03:34,05/19/2025 21:48:00,20
41780,1045,27430.15,0,24435,0,20,05/19/2025 17:17:28,05/19/2025 21:48:13,20
21793,1045,667787.4,0,999999,0,0,05/09/2025 21:29:31,05/19/2025 21:47:57,2
5688,1045,1306.2,0,1226,0,4,05/18/2025 01:03:17,05/19/2025 21:48:09,20
10032,1045,1582.15,0,24444,0,20,05/18/2025 11:49:44,05/19/2025 21:47:43,7
41776,1045,14249.3,0,13999,0,20,05/18/2025 20:43:59,05/19/2025 21:48:13,19
43961,1045,99685.65,0,97990,0,14,05/19/2025 20:10:02,05/19/2025 21:48:15,20
10,1045,41.7,0,41,0,20,05/19/2025 15:43:46,05/19/2025 21:47:38,20
10035,1045,4774.45,0,20000,0,20,05/18/2025 20:41:44,05/19/2025 21:47:47,20
23357,1045,7423659,0,18400,0,0,05/06/2025 20:33:29,05/19/2025 21:47:47,3
14183,1045,4817.7,0,4900,0,12,05/18/2025 08:48:06,05/19/2025 21:48:04,17
24996,1045,209621.5,0,222218,0,1,05/13/2025 02:30:52,05/19/2025 21:47:39,4
40702,1045,7976.9,0,8000,0,0,05/02/2025 00:02:10,05/19/2025 21:48:04,7
22513,1045,6521185,0,7999,0,0,05/12/2025 01:13:59,05/19/2025 21:47:49,16
14290,1045,12.3,0,1,0,0,04/12/2025 18:47:00,05/19/2025 21:48:04,15
24816,1045,76914.9,0,78888,0,0,05/11/2025 15:17:36,05/19/2025 21:48:15,14
20269,1045,32150054,0,160,50000,0,05/08/2025 19:49:57,05/19/2025 21:47:43,12
42897,1045,0,144461.8,0,195988,3,05/17/2025 23:20:16,05/19/2025 21:47:52,5
26733,1045,896.5,0,598,0,2,05/17/2025 12:57:04,05/19/2025 21:48:13,20
15926,1045,103290.555,106660,106666,0,11,05/19/2025 15:19:21,05/19/2025 21:47:47,16
44165,1045,0,1161.05,0,1143,20,05/19/2025 21:07:51,05/19/2025 21:47:34,20
10648,1045,0,17926.3,0,33898,0,04/02/2025 18:36:06,05/19/2025 21:47:41,3
44430,1045,49997,149178.38,0,148382,9,05/18/2025 22:18:00,05/19/2025 21:47:36,8
18241,1045,5000,35225.95,0,58888,0,04/04/2025 14:17:44,05/19/2025 21:47:41,1
37491,1045,138287.66,0,122998,0,0,05/12/2025 14:06:00,05/19/2025 21:48:13,20
25192,1045,1175.6,0,1450,0,1,05/14/2025 18:33:35,05/19/2025 21:48:13,18
41770,1045,1013.9,0,1200,0,20,05/19/2025 18:03:23,05/19/2025 21:48:09,20
10650,1045,0,14460.8,0,18000,0,04/09/2025 14:32:03,05/19/2025 21:47:41,3
13114,1045,566502.5,0,648499,0,20,05/19/2025 05:01:54,05/19/2025 21:48:00,20
41757,1045,803.05,0,798,0,20,05/19/2025 19:50:39,05/19/2025 21:48:09,20
9295,1045,5358124.5,0,14999,0,20,05/18/2025 22:08:56,05/19/2025 21:47:50,20
40409,1045,165902.8,150000,209000,1144439,1,05/13/2025 00:23:54,05/19/2025 21:47:46,3
43272,1045,0,27307.5,0,85275,1,05/14/2025 17:43:59,05/19/2025 21:47:55,3
10393,1045,274495.12,303358.1,166665,188777,7,05/18/2025 18:47:48,05/19/2025 21:47:46,18
23353,1045,2561427.2,0,100000,0,0,05/05/2025 18:42:36,05/19/2025 21:47:49,5
23824,1045,0,15206.8,0,50000,0,05/12/2025 19:33:07,05/19/2025 21:47:49,1
33932,1045,354.2,0,298,0,19,05/19/2025 09:33:47,05/19/2025 21:48:09,20
33819,1045,12821.85,0,11666,0,0,05/11/2025 22:09:33,05/19/2025 21:48:00,20
44414,1045,0,149906.6,0,149876,4,05/16/2025 21:23:42,05/19/2025 21:47:55,4
5735,1045,6621.1,0,99997,0,4,05/16/2025 20:43:52,05/19/2025 21:47:57,4
42931,1045,0,47981.9,0,47976,12,05/19/2025 19:01:52,05/19/2025 21:47:53,7
33941,1045,195.8,0,212,0,0,05/10/2025 19:08:43,05/19/2025 21:48:09,14
13710,1045,2343.7,0,780,0,7,05/18/2025 23:51:03,05/19/2025 21:48:00,20
14,1045,63.8,0,60,0,9,05/18/2025 19:45:21,05/19/2025 21:47:38,20
14182,1045,3114.7,0,5995,0,2,05/17/2025 15:21:13,05/19/2025 21:48:04,13
24850,1045,1111022,0,648888,0,0,04/12/2025 22:49:59,05/19/2025 21:47:52,1
44411,1045,0,209689.45,0,149636,3,05/14/2025 18:57:22,05/19/2025 21:47:55,16
44432,1045,0,100928.9,0,109934,11,05/17/2025 19:54:17,05/19/2025 21:47:52,5
33660,1045,250210.9,327287.1,282103,9999999,4,05/16/2025 20:50:21,05/19/2025 21:47:46,6
32000,1045,74.4,0,97,0,6,05/16/2025 18:46:25,05/19/2025 21:48:15,20
8183,1045,107404.85,0,100000,0,2,05/13/2025 20:20:58,05/19/2025 21:47:34,4
25798,1045,0,31614.25,0,60000,0,04/25/2025 21:50:16,05/19/2025 21:47:41,3
13714,1045,1260.55,0,700,0,2,05/15/2025 12:44:14,05/19/2025 21:48:00,20
14868,1045,33322.145,36761.31,39783,38993,5,05/19/2025 03:08:46,05/19/2025 21:47:47,12
13723,1045,1104.35,0,993,0,9,05/17/2025 19:27:37,05/19/2025 21:48:00,20
21280,1045,91020.95,0,99999,0,0,04/28/2025 11:10:01,05/19/2025 21:48:02,8
8216,1045,211.85,0,20,0,0,05/05/2025 10:18:27,05/19/2025 21:47:36,16
18,1045,51.7,0,52,0,16,05/19/2025 18:39:12,05/19/2025 21:47:38,16
41767,1045,10905.35,0,9800,0,20,05/18/2025 17:14:52,05/19/2025 21:48:13,20
