1,最终决战天幕魔导城,7分钟,青魔,从头参与,2024/2/2 9:34,2024/2/2 9:42
2,最终决战天幕魔导城,8分钟,青魔,从头参与,2024/2/2 9:42,2024/2/2 9:50
3,最终决战天幕魔导城,7.5分钟,青魔,从头参与,2024/2/2 9:51,2024/2/2 9:58
4,最终决战天幕魔导城,7.6分钟,青魔,从头参与,2024/2/2 9:59,2024/2/2 10:07
5,最终决战天幕魔导城,7.7分钟,青魔,从头参与,2024/2/2 10:07,2024/2/2 10:15
6,最终决战天幕魔导城,7.4分钟,青魔,从头参与,2024/2/2 10:16,2024/2/2 10:23
7,最终决战天幕魔导城,7.4分钟,青魔,从头参与,2024/2/2 10:24,2024/2/2 10:31
8,最终决战天幕魔导城,7.5分钟,青魔,从头参与,2024/2/2 10:32,2024/2/2 10:39
9,最终决战天幕魔导城,7.5分钟,青魔,从头参与,2024/2/2 10:40,2024/2/2 10:47
10,最终决战天幕魔导城,7.3分钟,青魔,从头参与,2024/2/2 11:00,2024/2/2 11:07
11,最终决战天幕魔导城,7.6分钟,青魔,从头参与,2024/2/2 11:07,2024/2/2 11:15
12,最终决战天幕魔导城,7.5分钟,青魔,从头参与,2024/2/2 11:15,2024/2/2 11:23
13,最终决战天幕魔导城,7.1分钟,青魔,从头参与,2024/2/2 11:23,2024/2/2 11:30
14,最终决战天幕魔导城,8.1分钟,青魔,从头参与,2024/2/2 11:31,2024/2/2 11:39
15,最终决战天幕魔导城,8分钟,青魔,从头参与,2024/2/2 11:53,2024/2/2 12:01
16,最终决战天幕魔导城,9.7分钟,青魔,从头参与,2024/2/2 12:02,2024/2/2 12:12
17,最终决战天幕魔导城,8.3分钟,青魔,从头参与,2024/2/2 12:13,2024/2/2 12:21
18,最终决战天幕魔导城,7.7分钟,青魔,从头参与,2024/2/2 12:23,2024/2/2 12:30
19,最终决战天幕魔导城,7.5分钟,青魔,从头参与,2024/2/2 12:31,2024/2/2 12:39
20,最终决战天幕魔导城,7.4分钟,青魔,从头参与,2024/2/2 12:42,2024/2/2 12:50
21,最终决战天幕魔导城,7.6分钟,青魔,从头参与,2024/2/2 12:50,2024/2/2 12:58
22,最终决战天幕魔导城,7.4分钟,青魔,从头参与,2024/2/2 12:59,2024/2/2 13:06
23,最终决战天幕魔导城,7.2分钟,青魔,从头参与,2024/2/2 13:07,2024/2/2 13:14
24,最终决战天幕魔导城,7.6分钟,青魔,从头参与,2024/2/2 13:24,2024/2/2 13:31
25,最终决战天幕魔导城,7.4分钟,青魔,从头参与,2024/2/2 13:32,2024/2/2 13:39
26,最终决战天幕魔导城,7.4分钟,青魔,从头参与,2024/2/2 13:40,2024/2/2 13:48
27,最终决战天幕魔导城,7.4分钟,青魔,从头参与,2024/2/2 13:48,2024/2/2 13:56
28,最终决战天幕魔导城,7.3分钟,青魔,从头参与,2024/2/2 13:56,2024/2/2 14:04
29,最终决战天幕魔导城,7.2分钟,青魔,从头参与,2024/2/2 14:04,2024/2/2 14:11
30,最终决战天幕魔导城,7.7分钟,青魔,从头参与,2024/2/2 14:14,2024/2/2 14:22
31,最终决战天幕魔导城,7.7分钟,青魔,从头参与,2024/2/2 14:22,2024/2/2 14:30
32,最终决战天幕魔导城,7.4分钟,青魔,从头参与,2024/2/2 14:33,2024/2/2 14:41
33,最终决战天幕魔导城,8.8分钟,青魔,从头参与,2024/2/2 14:44,2024/2/2 14:53
34,最终决战天幕魔导城,9.3分钟,青魔,从头参与,2024/2/2 14:55,2024/2/2 15:04
35,最终决战天幕魔导城,9分钟,青魔,从头参与,2024/2/2 15:05,2024/2/2 15:14
36,最终决战天幕魔导城,7.2分钟,青魔,从头参与,2024/2/2 15:15,2024/2/2 15:22
37,最终决战天幕魔导城,8.5分钟,青魔,从头参与,2024/2/2 15:22,2024/2/2 15:31
38,最终决战天幕魔导城,7.2分钟,青魔,从头参与,2024/2/2 15:31,2024/2/2 15:39
39,最终决战天幕魔导城,7.2分钟,青魔,从头参与,2024/2/2 15:39,2024/2/2 15:46
40,最终决战天幕魔导城,7.6分钟,青魔,从头参与,2024/2/2 15:47,2024/2/2 15:54
41,最终决战天幕魔导城,9.1分钟,青魔,从头参与,2024/2/2 15:55,2024/2/2 16:04
42,最终决战天幕魔导城,7.3分钟,青魔,从头参与,2024/2/2 16:05,2024/2/2 16:12
43,最终决战天幕魔导城,7.4分钟,青魔,从头参与,2024/2/2 16:13,2024/2/2 16:20
44,最终决战天幕魔导城,7.4分钟,青魔,从头参与,2024/2/2 16:21,2024/2/2 16:28
45,最终决战天幕魔导城,7.8分钟,青魔,从头参与,2024/2/2 16:29,2024/2/2 16:37
46,最终决战天幕魔导城,8.4分钟,青魔,从头参与,2024/2/2 16:40,2024/2/2 16:49
47,最终决战天幕魔导城,7.7分钟,青魔,从头参与,2024/2/2 16:49,2024/2/2 16:57
48,最终决战天幕魔导城,7.6分钟,青魔,从头参与,2024/2/2 17:00,2024/2/2 17:07
49,最终决战天幕魔导城,7.6分钟,青魔,从头参与,2024/2/2 17:08,2024/2/2 17:15
50,最终决战天幕魔导城,7.8分钟,青魔,从头参与,2024/2/2 17:20,2024/2/2 17:28
51,最终决战天幕魔导城,9.5分钟,青魔,从头参与,2024/2/2 17:29,2024/2/2 17:39
52,最终决战天幕魔导城,7.4分钟,青魔,从头参与,2024/2/2 17:39,2024/2/2 17:46
53,最终决战天幕魔导城,9.1分钟,青魔,从头参与,2024/2/2 17:47,2024/2/2 17:56
54,最终决战天幕魔导城,7.4分钟,青魔,从头参与,2024/2/2 18:00,2024/2/2 18:08
55,最终决战天幕魔导城,9分钟,青魔,从头参与,2024/2/2 18:08,2024/2/2 18:17
56,最终决战天幕魔导城,7.3分钟,青魔,从头参与,2024/2/2 18:18,2024/2/2 18:25
57,最终决战天幕魔导城,7.6分钟,青魔,从头参与,2024/2/2 18:26,2024/2/2 18:34
58,最终决战天幕魔导城,7.5分钟,青魔,从头参与,2024/2/2 18:35,2024/2/2 18:42
59,最终决战天幕魔导城,7.8分钟,青魔,从头参与,2024/2/2 18:43,2024/2/2 18:51
60,最终决战天幕魔导城,7.6分钟,青魔,从头参与,2024/2/2 18:51,2024/2/2 18:59
61,最终决战天幕魔导城,7.5分钟,青魔,从头参与,2024/2/2 19:01,2024/2/2 19:08
62,最终决战天幕魔导城,10.2分钟,青魔,从头参与,2024/2/2 19:09,2024/2/2 19:19
63,最终决战天幕魔导城,7.9分钟,青魔,从头参与,2024/2/2 19:20,2024/2/2 19:28
64,最终决战天幕魔导城,9.2分钟,青魔,从头参与,2024/2/2 19:29,2024/2/2 19:38
65,最终决战天幕魔导城,7.5分钟,青魔,从头参与,2024/2/2 19:39,2024/2/2 19:46
66,最终决战天幕魔导城,8.9分钟,青魔,从头参与,2024/2/2 19:47,2024/2/2 19:56
67,最终决战天幕魔导城,9.4分钟,青魔,从头参与,2024/2/2 19:57,2024/2/2 20:06
68,最终决战天幕魔导城,7.2分钟,青魔,从头参与,2024/2/2 20:07,2024/2/2 20:14
69,最终决战天幕魔导城,7.7分钟,青魔,从头参与,2024/2/2 20:14,2024/2/2 20:22
70,最终决战天幕魔导城,7.2分钟,青魔,从头参与,2024/2/2 20:23,2024/2/2 20:30
71,最终决战天幕魔导城,7.3分钟,青魔,从头参与,2024/2/2 20:30,2024/2/2 20:38
72,最终决战天幕魔导城,7分钟,青魔,从头参与,2024/2/2 20:39,2024/2/2 20:46
73,最终决战天幕魔导城,9.3分钟,青魔,从头参与,2024/2/2 20:47,2024/2/2 20:56
74,最终决战天幕魔导城,7.4分钟,青魔,从头参与,2024/2/2 20:58,2024/2/2 21:05
75,最终决战天幕魔导城,7.4分钟,青魔,从头参与,2024/2/2 21:06,2024/2/2 21:14
76,最终决战天幕魔导城,7.4分钟,青魔,从头参与,2024/2/2 21:16,2024/2/2 21:23
77,最终决战天幕魔导城,7.4分钟,青魔,从头参与,2024/2/2 21:23,2024/2/2 21:31
78,最终决战天幕魔导城,9.1分钟,青魔,从头参与,2024/2/2 21:31,2024/2/2 21:41
79,最终决战天幕魔导城,8.5分钟,青魔,从头参与,2024/2/2 21:41,2024/2/2 21:50
80,最终决战天幕魔导城,7.2分钟,青魔,从头参与,2024/2/2 21:51,2024/2/2 21:58
81,最终决战天幕魔导城,7.5分钟,青魔,从头参与,2024/2/2 21:59,2024/2/2 22:07
82,最终决战天幕魔导城,7.2分钟,青魔,从头参与,2024/2/2 22:07,2024/2/2 22:14
83,最终决战天幕魔导城,7.6分钟,青魔,从头参与,2024/2/2 22:15,2024/2/2 22:23
84,最终决战天幕魔导城,7.6分钟,青魔,从头参与,2024/2/2 22:23,2024/2/2 22:31
85,最终决战天幕魔导城,7.3分钟,青魔,从头参与,2024/2/2 22:31,2024/2/2 22:39
86,最终决战天幕魔导城,7.4分钟,青魔,从头参与,2024/2/2 22:39,2024/2/2 22:46
87,最终决战天幕魔导城,7.2分钟,青魔,从头参与,2024/2/2 22:47,2024/2/2 22:54
88,最终决战天幕魔导城,7.6分钟,青魔,从头参与,2024/2/2 22:55,2024/2/2 23:02
89,最终决战天幕魔导城,7.1分钟,青魔,从头参与,2024/2/2 23:03,2024/2/2 23:10
90,最终决战天幕魔导城,8.4分钟,青魔,从头参与,2024/2/2 23:18,2024/2/2 23:26
91,最终决战天幕魔导城,8.6分钟,青魔,从头参与,2024/2/2 23:27,2024/2/2 23:35
92,最终决战天幕魔导城,9.3分钟,青魔,从头参与,2024/2/2 23:36,2024/2/2 23:45
93,最终决战天幕魔导城,7.6分钟,青魔,从头参与,2024/2/2 23:46,2024/2/2 23:54
94,最终决战天幕魔导城,7.3分钟,青魔,从头参与,2024/2/2 23:54,2024/2/3 0:01
95,最终决战天幕魔导城,9分钟,青魔,从头参与,2024/2/3 0:02,2024/2/3 0:11
96,最终决战天幕魔导城,7.8分钟,青魔,从头参与,2024/2/3 0:17,2024/2/3 0:25
97,最终决战天幕魔导城,7.2分钟,青魔,从头参与,2024/2/3 0:25,2024/2/3 0:32
98,最终决战天幕魔导城,7.3分钟,青魔,从头参与,2024/2/3 0:33,2024/2/3 0:40
99,最终决战天幕魔导城,7.4分钟,青魔,从头参与,2024/2/3 0:41,2024/2/3 0:48
100,最终决战天幕魔导城,7.2分钟,青魔,从头参与,2024/2/3 0:49,2024/2/3 0:56
101,最终决战天幕魔导城,7.2分钟,青魔,从头参与,2024/2/3 0:57,2024/2/3 1:04
102,最终决战天幕魔导城,7.6分钟,青魔,从头参与,2024/2/3 1:06,2024/2/3 1:14
103,最终决战天幕魔导城,8分钟,青魔,从头参与,2024/2/3 1:14,2024/2/3 1:22
104,最终决战天幕魔导城,8.1分钟,青魔,从头参与,2024/2/3 1:23,2024/2/3 1:31
105,最终决战天幕魔导城,7.2分钟,青魔,从头参与,2024/2/3 1:32,2024/2/3 1:39
106,最终决战天幕魔导城,7.4分钟,青魔,从头参与,2024/2/3 1:40,2024/2/3 1:47
107,最终决战天幕魔导城,7.6分钟,青魔,从头参与,2024/2/3 1:48,2024/2/3 1:55
108,最终决战天幕魔导城,8.4分钟,青魔,从头参与,2024/2/3 1:56,2024/2/3 2:05
109,最终决战天幕魔导城,7.7分钟,青魔,从头参与,2024/2/3 2:05,2024/2/3 2:13
110,最终决战天幕魔导城,7.6分钟,青魔,从头参与,2024/2/3 2:14,2024/2/3 2:21
111,最终决战天幕魔导城,7.4分钟,青魔,从头参与,2024/2/3 2:22,2024/2/3 2:30
112,最终决战天幕魔导城,7.1分钟,青魔,从头参与,2024/2/3 2:30,2024/2/3 2:37
113,最终决战天幕魔导城,7.2分钟,青魔,从头参与,2024/2/3 2:38,2024/2/3 2:45
114,最终决战天幕魔导城,7.4分钟,青魔,从头参与,2024/2/3 2:47,2024/2/3 2:55
115,最终决战天幕魔导城,7.5分钟,青魔,从头参与,2024/2/3 2:55,2024/2/3 3:03
116,最终决战天幕魔导城,7.5分钟,青魔,从头参与,2024/2/3 3:03,2024/2/3 3:11
117,最终决战天幕魔导城,7.6分钟,青魔,从头参与,2024/2/3 3:11,2024/2/3 3:19
118,最终决战天幕魔导城,7.2分钟,青魔,从头参与,2024/2/3 3:19,2024/2/3 3:27
119,最终决战天幕魔导城,8.6分钟,青魔,从头参与,2024/2/3 3:27,2024/2/3 3:36
120,最终决战天幕魔导城,7.6分钟,青魔,从头参与,2024/2/3 8:47,2024/2/3 8:55
121,最终决战天幕魔导城,7.4分钟,青魔,从头参与,2024/2/3 8:56,2024/2/3 9:03
122,最终决战天幕魔导城,9.3分钟,青魔,从头参与,2024/2/3 9:04,2024/2/3 9:13
123,最终决战天幕魔导城,7.4分钟,青魔,从头参与,2024/2/3 9:21,2024/2/3 9:29
124,最终决战天幕魔导城,7.6分钟,青魔,从头参与,2024/2/3 9:29,2024/2/3 9:37
125,最终决战天幕魔导城,7.3分钟,青魔,从头参与,2024/2/3 9:38,2024/2/3 9:45
126,最终决战天幕魔导城,7.4分钟,青魔,从头参与,2024/2/3 9:46,2024/2/3 9:53
127,最终决战天幕魔导城,7.2分钟,青魔,从头参与,2024/2/3 9:53,2024/2/3 10:01
128,最终决战天幕魔导城,7.3分钟,青魔,从头参与,2024/2/3 10:02,2024/2/3 10:09
129,最终决战天幕魔导城,7.6分钟,青魔,从头参与,2024/2/3 10:10,2024/2/3 10:17
130,最终决战天幕魔导城,7.5分钟,青魔,从头参与,2024/2/3 10:18,2024/2/3 10:26
131,最终决战天幕魔导城,7.2分钟,青魔,从头参与,2024/2/3 10:27,2024/2/3 10:35
132,最终决战天幕魔导城,7.4分钟,青魔,从头参与,2024/2/3 10:35,2024/2/3 10:42
133,最终决战天幕魔导城,7.4分钟,青魔,从头参与,2024/2/3 10:43,2024/2/3 10:50
134,最终决战天幕魔导城,7.3分钟,青魔,从头参与,2024/2/3 10:51,2024/2/3 10:59
135,最终决战天幕魔导城,8.1分钟,青魔,从头参与,2024/2/3 15:00,2024/2/3 15:08
136,最终决战天幕魔导城,8.2分钟,青魔,从头参与,2024/2/3 15:11,2024/2/3 15:19
137,最终决战天幕魔导城,8.6分钟,青魔,从头参与,2024/2/3 15:20,2024/2/3 15:29
138,最终决战天幕魔导城,7.6分钟,青魔,从头参与,2024/2/3 15:29,2024/2/3 15:37
139,最终决战天幕魔导城,7.8分钟,青魔,从头参与,2024/2/3 15:37,2024/2/3 15:45
140,最终决战天幕魔导城,7.4分钟,青魔,从头参与,2024/2/3 15:46,2024/2/3 15:53
141,最终决战天幕魔导城,9.1分钟,青魔,从头参与,2024/2/3 15:53,2024/2/3 16:03
142,最终决战天幕魔导城,7.4分钟,青魔,从头参与,2024/2/3 16:03,2024/2/3 16:10
143,最终决战天幕魔导城,7.4分钟,青魔,从头参与,2024/2/3 16:11,2024/2/3 16:18
144,最终决战天幕魔导城,7.4分钟,青魔,从头参与,2024/2/3 16:19,2024/2/3 16:26
145,最终决战天幕魔导城,7.9分钟,青魔,从头参与,2024/2/3 16:27,2024/2/3 16:35
146,最终决战天幕魔导城,7.8分钟,青魔,从头参与,2024/2/3 16:38,2024/2/3 16:45
147,最终决战天幕魔导城,7.4分钟,青魔,从头参与,2024/2/3 16:46,2024/2/3 16:53
148,最终决战天幕魔导城,7.6分钟,青魔,从头参与,2024/2/3 16:54,2024/2/3 17:01
149,最终决战天幕魔导城,7.7分钟,青魔,从头参与,2024/2/3 17:02,2024/2/3 17:09
150,最终决战天幕魔导城,7.5分钟,青魔,从头参与,2024/2/3 17:10,2024/2/3 17:17
151,最终决战天幕魔导城,7.6分钟,青魔,从头参与,2024/2/3 17:18,2024/2/3 17:26
152,最终决战天幕魔导城,7.5分钟,青魔,从头参与,2024/2/3 17:26,2024/2/3 17:34
153,最终决战天幕魔导城,7.2分钟,青魔,从头参与,2024/2/3 17:34,2024/2/3 17:41
154,最终决战天幕魔导城,7.5分钟,青魔,从头参与,2024/2/3 17:42,2024/2/3 17:50
155,最终决战天幕魔导城,7.4分钟,青魔,从头参与,2024/2/3 17:50,2024/2/3 17:57
156,最终决战天幕魔导城,7.7分钟,青魔,从头参与,2024/2/3 18:10,2024/2/3 18:18
157,最终决战天幕魔导城,8.9分钟,青魔,从头参与,2024/2/3 18:18,2024/2/3 18:27
158,最终决战天幕魔导城,8.1分钟,青魔,从头参与,2024/2/3 18:28,2024/2/3 18:36
159,最终决战天幕魔导城,7.6分钟,青魔,从头参与,2024/2/3 18:36,2024/2/3 18:44
160,最终决战天幕魔导城,7.4分钟,青魔,从头参与,2024/2/3 18:45,2024/2/3 18:52
161,最终决战天幕魔导城,7.7分钟,青魔,从头参与,2024/2/3 18:52,2024/2/3 19:00
162,最终决战天幕魔导城,7.3分钟,青魔,从头参与,2024/2/3 19:01,2024/2/3 19:08
163,最终决战天幕魔导城,7.6分钟,青魔,从头参与,2024/2/3 19:09,2024/2/3 19:16
164,最终决战天幕魔导城,7.6分钟,青魔,从头参与,2024/2/3 19:17,2024/2/3 19:24
165,最终决战天幕魔导城,7.4分钟,青魔,从头参与,2024/2/3 19:25,2024/2/3 19:32
166,最终决战天幕魔导城,8.9分钟,青魔,从头参与,2024/2/3 19:43,2024/2/3 19:52
167,最终决战天幕魔导城,8.6分钟,青魔,从头参与,2024/2/3 19:53,2024/2/3 20:01
168,最终决战天幕魔导城,7.4分钟,青魔,从头参与,2024/2/3 20:02,2024/2/3 20:09
169,最终决战天幕魔导城,7.4分钟,青魔,从头参与,2024/2/3 20:09,2024/2/3 20:17
170,最终决战天幕魔导城,7.4分钟,青魔,从头参与,2024/2/3 20:25,2024/2/3 20:33
171,最终决战天幕魔导城,7.6分钟,青魔,从头参与,2024/2/3 20:33,2024/2/3 20:41
172,最终决战天幕魔导城,7.4分钟,青魔,从头参与,2024/2/3 20:41,2024/2/3 20:49
173,最终决战天幕魔导城,7.4分钟,青魔,从头参与,2024/2/3 20:49,2024/2/3 20:57
174,最终决战天幕魔导城,无,青魔,从头参与,2024/2/3 20:58,2024/2/3 21:07
175,最终决战天幕魔导城,11.1分钟,青魔,从头参与,2024/2/3 21:07,2024/2/3 21:18
176,最终决战天幕魔导城,7.6分钟,青魔,从头参与,2024/2/3 21:19,2024/2/3 21:27
177,最终决战天幕魔导城,8.8分钟,青魔,从头参与,2024/2/3 21:27,2024/2/3 21:36
178,最终决战天幕魔导城,7.2分钟,青魔,从头参与,2024/2/3 21:36,2024/2/3 21:44
179,最终决战天幕魔导城,7.5分钟,青魔,从头参与,2024/2/3 21:44,2024/2/3 21:52
180,未知,无,青魔,取消任务,2024/2/3 21:52,
180,最终决战天幕魔导城,7.4分钟,青魔,从头参与,2024/2/3 21:57,2024/2/3 22:05
181,最终决战天幕魔导城,7.3分钟,青魔,从头参与,2024/2/3 22:05,2024/2/3 22:13
182,最终决战天幕魔导城,7.3分钟,青魔,从头参与,2024/2/3 22:13,2024/2/3 22:20
183,最终决战天幕魔导城,7.2分钟,青魔,从头参与,2024/2/3 22:22,2024/2/3 22:29
184,最终决战天幕魔导城,8.3分钟,青魔,从头参与,2024/2/3 22:30,2024/2/3 22:39
185,最终决战天幕魔导城,7.4分钟,青魔,从头参与,2024/2/3 22:40,2024/2/3 22:48
186,最终决战天幕魔导城,7.1分钟,青魔,从头参与,2024/2/3 22:49,2024/2/3 22:56
187,最终决战天幕魔导城,7.2分钟,青魔,从头参与,2024/2/3 22:57,2024/2/3 23:04
188,最终决战天幕魔导城,12.1分钟,青魔,从头参与,2024/2/3 23:05,2024/2/3 23:17
189,最终决战天幕魔导城,7.3分钟,青魔,从头参与,2024/2/3 23:18,2024/2/3 23:25
190,最终决战天幕魔导城,7.6分钟,青魔,从头参与,2024/2/3 23:36,2024/2/3 23:43
191,最终决战天幕魔导城,10.3分钟,青魔,从头参与,2024/2/3 23:44,2024/2/3 23:54
192,最终决战天幕魔导城,7.4分钟,青魔,从头参与,2024/2/3 23:55,2024/2/4 0:03
193,未知,无,青魔,取消任务,2024/2/4 0:03,
193,最终决战天幕魔导城,8分钟,青魔,从头参与,2024/2/4 0:04,2024/2/4 0:12
194,最终决战天幕魔导城,7.4分钟,青魔,从头参与,2024/2/4 0:12,2024/2/4 0:20
195,最终决战天幕魔导城,7.5分钟,青魔,从头参与,2024/2/4 0:25,2024/2/4 0:32
196,最终决战天幕魔导城,7.5分钟,青魔,从头参与,2024/2/4 0:33,2024/2/4 0:40
197,最终决战天幕魔导城,7.2分钟,青魔,从头参与,2024/2/4 0:41,2024/2/4 0:48
198,最终决战天幕魔导城,10.4分钟,青魔,从头参与,2024/2/4 0:49,2024/2/4 1:00
199,最终决战天幕魔导城,7.2分钟,青魔,从头参与,2024/2/4 1:00,2024/2/4 1:08
200,最终决战天幕魔导城,8.8分钟,青魔,从头参与,2024/2/4 1:15,2024/2/4 1:24
201,最终决战天幕魔导城,7.4分钟,青魔,从头参与,2024/2/4 1:25,2024/2/4 1:32
202,最终决战天幕魔导城,7.3分钟,青魔,从头参与,2024/2/4 1:33,2024/2/4 1:41
203,最终决战天幕魔导城,8.4分钟,青魔,从头参与,2024/2/4 1:41,2024/2/4 1:49
204,最终决战天幕魔导城,7.4分钟,青魔,从头参与,2024/2/4 1:50,2024/2/4 1:57
205,最终决战天幕魔导城,7.8分钟,青魔,从头参与,2024/2/4 1:58,2024/2/4 2:06
206,最终决战天幕魔导城,7.3分钟,青魔,从头参与,2024/2/4 2:06,2024/2/4 2:13
207,最终决战天幕魔导城,7.4分钟,青魔,从头参与,2024/2/4 2:14,2024/2/4 2:21
208,最终决战天幕魔导城,7.2分钟,青魔,从头参与,2024/2/4 2:22,2024/2/4 2:29
209,最终决战天幕魔导城,7.4分钟,青魔,从头参与,2024/2/4 2:30,2024/2/4 2:38
210,最终决战天幕魔导城,8.2分钟,青魔,从头参与,2024/2/4 9:15,2024/2/4 9:24
211,最终决战天幕魔导城,7.5分钟,青魔,从头参与,2024/2/4 9:24,2024/2/4 9:32
212,最终决战天幕魔导城,7.4分钟,青魔,从头参与,2024/2/4 9:32,2024/2/4 9:40
213,最终决战天幕魔导城,7.6分钟,青魔,从头参与,2024/2/4 9:40,2024/2/4 9:48
214,最终决战天幕魔导城,7.6分钟,青魔,从头参与,2024/2/4 9:48,2024/2/4 9:56
215,最终决战天幕魔导城,7.8分钟,青魔,从头参与,2024/2/4 9:56,2024/2/4 10:04
216,最终决战天幕魔导城,7.3分钟,青魔,从头参与,2024/2/4 10:05,2024/2/4 10:12
217,最终决战天幕魔导城,8.9分钟,青魔,从头参与,2024/2/4 10:14,2024/2/4 10:23
218,最终决战天幕魔导城,7.8分钟,青魔,从头参与,2024/2/4 10:23,2024/2/4 10:31
219,最终决战天幕魔导城,7.7分钟,青魔,从头参与,2024/2/4 10:32,2024/2/4 10:39
220,最终决战天幕魔导城,7.2分钟,青魔,从头参与,2024/02/04 10:47:14,2024/02/04 10:54:23
221,最终决战天幕魔导城,7.1分钟,青魔,从头参与,2024/02/04 10:54:53,2024/02/04 11:02:00
222,最终决战天幕魔导城,7.1分钟,青魔,从头参与,2024/02/04 11:02:27,2024/02/04 11:09:33
223,最终决战天幕魔导城,7.1分钟,青魔,从头参与,2024/02/04 11:10:10,2024/02/04 11:17:15
224,最终决战天幕魔导城,7.5分钟,青魔,从头参与,2024/02/04 11:17:41,2024/02/04 11:25:11
225,最终决战天幕魔导城,7.8分钟,青魔,从头参与,2024/02/04 11:25:44,2024/02/04 11:33:35
226,最终决战天幕魔导城,7分钟,青魔,从头参与,2024/02/04 11:34:05,2024/02/04 11:41:08
227,最终决战天幕魔导城,7.2分钟,青魔,从头参与,2024/02/04 11:42:20,2024/02/04 11:49:29
228,最终决战天幕魔导城,7.3分钟,青魔,从头参与,2024/02/04 11:50:00,2024/02/04 11:57:16
229,最终决战天幕魔导城,7.4分钟,青魔,从头参与,2024/02/04 11:58:00,2024/02/04 12:05:22
230,最终决战天幕魔导城,8.5分钟,青魔,从头参与,2024/02/04 12:11:23,2024/02/04 12:19:54
231,最终决战天幕魔导城,8.3分钟,青魔,从头参与,2024/02/04 12:20:26,2024/02/04 12:28:42
232,最终决战天幕魔导城,9.4分钟,青魔,从头参与,2024/02/04 12:29:08,2024/02/04 12:38:34
233,最终决战天幕魔导城,7.4分钟,青魔,从头参与,2024/02/04 12:39:01,2024/02/04 12:46:23
234,最终决战天幕魔导城,7.4分钟,青魔,从头参与,2024/02/04 12:46:52,2024/02/04 12:54:18
235,最终决战天幕魔导城,7.8分钟,青魔,从头参与,2024/02/04 15:00:12,2024/02/04 15:07:57
236,最终决战天幕魔导城,7.3分钟,青魔,从头参与,2024/02/04 15:08:38,2024/02/04 15:15:58
237,最终决战天幕魔导城,7.6分钟,青魔,从头参与,2024/02/04 15:16:28,2024/02/04 15:24:03
238,最终决战天幕魔导城,7.4分钟,青魔,从头参与,2024/02/04 15:24:30,2024/02/04 15:31:54
239,最终决战天幕魔导城,8.7分钟,青魔,从头参与,2024/02/04 15:32:50,2024/02/04 15:41:32
240,最终决战天幕魔导城,7.5分钟,青魔,从头参与,2024/02/04 15:42:00,2024/02/04 15:49:29
241,最终决战天幕魔导城,9.1分钟,青魔,从头参与,2024/02/04 15:49:58,2024/02/04 15:59:02
242,最终决战天幕魔导城,7.6分钟,青魔,从头参与,2024/02/04 15:59:41,2024/02/04 16:07:19
243,最终决战天幕魔导城,7.6分钟,青魔,从头参与,2024/02/04 16:07:47,2024/02/04 16:15:21
244,最终决战天幕魔导城,7.4分钟,青魔,从头参与,2024/02/04 16:15:52,2024/02/04 16:23:17
245,最终决战天幕魔导城,7.4分钟,青魔,从头参与,2024/02/04 16:28:31,2024/02/04 16:35:54
246,最终决战天幕魔导城,7.4分钟,青魔,从头参与,2024/02/04 16:36:38,2024/02/04 16:44:02
247,最终决战天幕魔导城,8.2分钟,青魔,从头参与,2024/02/04 16:44:56,2024/02/04 16:53:05
248,最终决战天幕魔导城,7.6分钟,青魔,从头参与,2024/02/04 16:53:42,2024/02/04 17:01:16
249,最终决战天幕魔导城,7.4分钟,青魔,从头参与,2024/02/04 17:01:44,2024/02/04 17:09:05
250,最终决战天幕魔导城,7.2分钟,青魔,从头参与,2024/02/04 17:10:06,2024/02/04 17:17:20
251,最终决战天幕魔导城,7.4分钟,青魔,从头参与,2024/02/04 17:17:57,2024/02/04 17:25:20
252,最终决战天幕魔导城,8.8分钟,青魔,从头参与,2024/02/04 17:25:53,2024/02/04 17:34:44
253,最终决战天幕魔导城,7.6分钟,青魔,从头参与,2024/02/04 17:35:13,2024/02/04 17:42:52
254,最终决战天幕魔导城,9分钟,青魔,从头参与,2024/02/04 17:43:26,2024/02/04 17:52:26
255,最终决战天幕魔导城,7.4分钟,青魔,从头参与,2024/02/04 20:53:28,2024/02/04 21:00:55
256,最终决战天幕魔导城,7.4分钟,青魔,从头参与,2024/02/04 21:09:35,2024/02/04 21:16:56
257,最终决战天幕魔导城,7.3分钟,青魔,从头参与,2024/02/04 21:17:28,2024/02/04 21:24:47
258,最终决战天幕魔导城,7.5分钟,青魔,从头参与,2024/02/04 21:25:21,2024/02/04 21:32:51
259,最终决战天幕魔导城,7.8分钟,青魔,从头参与,2024/02/04 21:34:17,2024/02/04 21:42:08
260,最终决战天幕魔导城,7.4分钟,青魔,从头参与,2024/02/04 21:43:10,2024/02/04 21:50:33
261,最终决战天幕魔导城,8分钟,青魔,从头参与,2024/02/04 21:51:08,2024/02/04 21:59:06
262,最终决战天幕魔导城,7.3分钟,青魔,从头参与,2024/02/04 21:59:41,2024/02/04 22:07:01
263,最终决战天幕魔导城,7.2分钟,青魔,从头参与,2024/02/04 22:07:31,2024/02/04 22:14:43
264,最终决战天幕魔导城,7.3分钟,青魔,从头参与,2024/02/04 22:20:15,2024/02/04 22:27:31
265,最终决战天幕魔导城,7.4分钟,青魔,从头参与,2024/02/04 22:28:02,2024/02/04 22:35:27
266,最终决战天幕魔导城,7.7分钟,青魔,从头参与,2024/02/04 22:36:00,2024/02/04 22:43:44
267,最终决战天幕魔导城,7.6分钟,青魔,从头参与,2024/02/04 22:44:34,2024/02/04 22:52:08
268,最终决战天幕魔导城,7.4分钟,青魔,从头参与,2024/02/04 22:52:39,2024/02/04 23:00:02
269,最终决战天幕魔导城,7.8分钟,青魔,从头参与,2024/02/04 23:00:32,2024/02/04 23:08:19
270,最终决战天幕魔导城,7.4分钟,青魔,从头参与,2024/02/04 23:08:49,2024/02/04 23:16:13
271,最终决战天幕魔导城,7.4分钟,青魔,从头参与,2024/02/04 23:16:55,2024/02/04 23:24:16
272,最终决战天幕魔导城,7.3分钟,青魔,从头参与,2024/02/04 23:24:57,2024/02/04 23:32:17
273,最终决战天幕魔导城,7.5分钟,青魔,从头参与,2024/02/04 23:32:52,2024/02/04 23:40:24
274,最终决战天幕魔导城,7.9分钟,青魔,从头参与,2024/02/05 00:04:39,2024/02/05 00:12:31
275,最终决战天幕魔导城,7.9分钟,青魔,从头参与,2024/02/05 00:13:12,2024/02/05 00:21:08
276,最终决战天幕魔导城,7.8分钟,青魔,从头参与,2024/02/05 00:21:58,2024/02/05 00:29:49
277,最终决战天幕魔导城,7.3分钟,青魔,从头参与,2024/02/05 00:30:29,2024/02/05 00:37:45
278,最终决战天幕魔导城,7.2分钟,青魔,从头参与,2024/02/05 00:38:14,2024/02/05 00:45:27
279,最终决战天幕魔导城,7.2分钟,青魔,从头参与,2024/02/05 00:46:08,2024/02/05 00:53:22
280,最终决战天幕魔导城,7.6分钟,青魔,从头参与,2024/02/05 00:54:14,2024/02/05 01:01:53
281,最终决战天幕魔导城,7.2分钟,青魔,从头参与,2024/02/05 01:02:21,2024/02/05 01:09:36
282,最终决战天幕魔导城,8.8分钟,青魔,从头参与,2024/02/05 01:10:04,2024/02/05 01:18:54
283,最终决战天幕魔导城,7.2分钟,青魔,从头参与,2024/02/05 01:19:22,2024/02/05 01:26:37
284,最终决战天幕魔导城,7.7分钟,青魔,从头参与,2024/02/05 01:27:08,2024/02/05 01:34:50
285,最终决战天幕魔导城,7.1分钟,青魔,从头参与,2024/02/05 01:35:41,2024/02/05 01:42:45
286,最终决战天幕魔导城,7.4分钟,青魔,从头参与,2024/02/05 01:43:13,2024/02/05 01:50:38
287,最终决战天幕魔导城,7.5分钟,青魔,从头参与,2024/02/05 01:51:07,2024/02/05 01:58:35
288,最终决战天幕魔导城,7.7分钟,青魔,从头参与,2024/02/05 01:59:16,2024/02/05 02:06:59
289,最终决战天幕魔导城,9.8分钟,青魔,从头参与,2024/02/05 02:29:54,2024/02/05 02:39:45
290,最终决战天幕魔导城,7.2分钟,青魔,从头参与,2024/02/05 02:40:13,2024/02/05 02:47:28
291,最终决战天幕魔导城,7.4分钟,青魔,从头参与,2024/02/05 02:47:56,2024/02/05 02:55:21
292,最终决战天幕魔导城,7.4分钟,青魔,从头参与,2024/02/05 02:55:51,2024/02/05 03:03:16
293,最终决战天幕魔导城,7.2分钟,青魔,从头参与,2024/02/05 03:03:46,2024/02/05 03:11:00
294,最终决战天幕魔导城,7.8分钟,青魔,从头参与,2024/02/05 09:34:50,2024/02/05 09:42:36
295,最终决战天幕魔导城,7.5分钟,青魔,从头参与,2024/02/05 09:43:06,2024/02/05 09:50:36
296,最终决战天幕魔导城,7.3分钟,青魔,从头参与,2024/02/05 09:51:03,2024/02/05 09:58:22
297,最终决战天幕魔导城,8.4分钟,青魔,从头参与,2024/02/05 11:26:04,2024/02/05 11:34:26
298,最终决战天幕魔导城,7.5分钟,青魔,从头参与,2024/02/05 11:44:01,2024/02/05 11:51:32
299,最终决战天幕魔导城,7.4分钟,青魔,从头参与,2024/02/05 11:52:22,2024/02/05 11:59:47
300,最终决战天幕魔导城,8.8分钟,青魔,从头参与,2024/02/05 12:00:44,2024/02/05 12:09:30
301,最终决战天幕魔导城,9.4分钟,青魔,从头参与,2024/02/05 12:10:01,2024/02/05 12:19:23
302,最终决战天幕魔导城,7.2分钟,青魔,从头参与,2024/02/05 13:04:24,2024/02/05 13:11:38
303,最终决战天幕魔导城,7.8分钟,青魔,从头参与,2024/02/05 13:15:56,2024/02/05 13:23:41
304,最终决战天幕魔导城,8.2分钟,青魔,从头参与,2024/02/05 13:24:17,2024/02/05 13:32:26
305,最终决战天幕魔导城,7.3分钟,青魔,从头参与,2024/02/05 13:32:53,2024/02/05 13:40:09
306,最终决战天幕魔导城,7.4分钟,青魔,从头参与,2024/02/05 13:40:35,2024/02/05 13:47:57
307,最终决战天幕魔导城,7.8分钟,青魔,从头参与,2024/02/05 13:48:31,2024/02/05 13:56:16
308,最终决战天幕魔导城,7.5分钟,青魔,从头参与,2024/02/05 13:56:43,2024/02/05 14:04:11
309,最终决战天幕魔导城,7.7分钟,青魔,从头参与,2024/02/05 14:04:48,2024/02/05 14:12:28
310,最终决战天幕魔导城,7.7分钟,青魔,从头参与,2024/02/05 14:12:57,2024/02/05 14:20:37
311,最终决战天幕魔导城,7.3分钟,青魔,从头参与,2024/02/05 14:21:04,2024/02/05 14:28:21
312,最终决战天幕魔导城,7.5分钟,青魔,从头参与,2024/02/05 14:29:28,2024/02/05 14:36:58
313,最终决战天幕魔导城,7.6分钟,青魔,从头参与,2024/02/05 14:37:36,2024/02/05 14:45:12
314,最终决战天幕魔导城,7.3分钟,青魔,从头参与,2024/02/05 14:45:41,2024/02/05 14:52:59
315,最终决战天幕魔导城,8分钟,青魔,从头参与,2024/02/05 15:01:18,2024/02/05 15:09:19
316,最终决战天幕魔导城,7.6分钟,青魔,从头参与,2024/02/05 15:10:56,2024/02/05 15:18:29
317,最终决战天幕魔导城,7.6分钟,青魔,从头参与,2024/02/05 15:20:23,2024/02/05 15:28:02
318,最终决战天幕魔导城,8分钟,青魔,从头参与,2024/02/05 15:28:35,2024/02/05 15:36:38
319,最终决战天幕魔导城,7.5分钟,青魔,从头参与,2024/02/05 15:37:18,2024/02/05 15:44:46
320,最终决战天幕魔导城,7.8分钟,青魔,从头参与,2024/02/05 15:45:37,2024/02/05 15:53:23
321,最终决战天幕魔导城,7.8分钟,青魔,从头参与,2024/02/05 15:53:58,2024/02/05 16:01:45
322,最终决战天幕魔导城,7.7分钟,青魔,从头参与,2024/02/05 16:02:17,2024/02/05 16:09:57
323,最终决战天幕魔导城,8.3分钟,青魔,从头参与,2024/02/05 16:10:33,2024/02/05 16:18:49
324,最终决战天幕魔导城,8.4分钟,青魔,从头参与,2024/02/05 16:19:19,2024/02/05 16:27:43
325,最终决战天幕魔导城,7.5分钟,青魔,从头参与,2024/02/05 16:33:27,2024/02/05 16:40:55
326,最终决战天幕魔导城,7.3分钟,青魔,从头参与,2024/02/05 16:41:24,2024/02/05 16:48:44
327,最终决战天幕魔导城,7.2分钟,青魔,从头参与,2024/02/05 16:49:11,2024/02/05 16:56:22
328,最终决战天幕魔导城,7.2分钟,青魔,从头参与,2024/02/05 16:57:07,2024/02/05 17:04:18
329,最终决战天幕魔导城,7.4分钟,青魔,从头参与,2024/02/05 17:04:50,2024/02/05 17:12:12
330,最终决战天幕魔导城,7.3分钟,青魔,从头参与,2024/02/05 17:12:45,2024/02/05 17:20:01
331,最终决战天幕魔导城,7.3分钟,青魔,从头参与,2024/02/05 17:20:30,2024/02/05 17:27:46
332,最终决战天幕魔导城,8.2分钟,青魔,从头参与,2024/02/05 17:31:56,2024/02/05 17:40:09
333,最终决战天幕魔导城,7.2分钟,青魔,从头参与,2024/02/05 17:40:49,2024/02/05 17:48:03
334,最终决战天幕魔导城,7.2分钟,青魔,从头参与,2024/02/05 17:48:39,2024/02/05 17:55:54
335,最终决战天幕魔导城,7.2分钟,青魔,从头参与,2024/02/05 18:01:39,2024/02/05 18:08:53
336,最终决战天幕魔导城,7.2分钟,青魔,从头参与,2024/02/05 18:09:23,2024/02/05 18:16:36
337,最终决战天幕魔导城,7.1分钟,青魔,从头参与,2024/02/05 18:17:06,2024/02/05 18:24:13
338,最终决战天幕魔导城,7.2分钟,青魔,从头参与,2024/02/05 18:24:39,2024/02/05 18:31:49
339,最终决战天幕魔导城,7.4分钟,青魔,从头参与,2024/02/05 18:32:22,2024/02/05 18:39:48
340,最终决战天幕魔导城,8.3分钟,青魔,从头参与,2024/02/05 18:40:21,2024/02/05 18:48:40
341,最终决战天幕魔导城,7.7分钟,青魔,从头参与,2024/02/05 18:49:10,2024/02/05 18:56:50
342,最终决战天幕魔导城,10分钟,青魔,从头参与,2024/02/05 18:57:17,2024/02/05 19:07:16
343,最终决战天幕魔导城,7.2分钟,青魔,从头参与,2024/02/05 19:08:11,2024/02/05 19:15:21
344,最终决战天幕魔导城,7.2分钟,青魔,从头参与,2024/02/05 19:15:51,2024/02/05 19:23:05
345,最终决战天幕魔导城,7分钟,青魔,从头参与,2024/02/05 19:24:13,2024/02/05 19:31:10
346,最终决战天幕魔导城,9.3分钟,青魔,从头参与,2024/02/05 19:31:47,2024/02/05 19:41:03
347,最终决战天幕魔导城,7.9分钟,青魔,从头参与,2024/02/05 19:41:47,2024/02/05 19:49:41
348,最终决战天幕魔导城,7.3分钟,青魔,从头参与,2024/02/05 19:50:10,2024/02/05 19:57:26
349,最终决战天幕魔导城,7.4分钟,青魔,从头参与,2024/02/05 19:57:54,2024/02/05 20:05:19
350,最终决战天幕魔导城,9.7分钟,青魔,从头参与,2024/02/05 20:12:43,2024/02/05 20:22:24
351,最终决战天幕魔导城,7.4分钟,青魔,从头参与,2024/02/05 20:23:04,2024/02/05 20:30:30
352,最终决战天幕魔导城,7.6分钟,青魔,从头参与,2024/02/05 20:31:03,2024/02/05 20:38:39
353,最终决战天幕魔导城,7.4分钟,青魔,从头参与,2024/02/05 20:39:07,2024/02/05 20:46:31
354,最终决战天幕魔导城,7.8分钟,青魔,从头参与,2024/02/05 20:47:00,2024/02/05 20:54:50
355,最终决战天幕魔导城,9分钟,青魔,从头参与,2024/02/05 21:46:26,2024/02/05 21:55:26
356,最终决战天幕魔导城,7.2分钟,青魔,从头参与,2024/02/05 21:55:55,2024/02/05 22:03:05
357,最终决战天幕魔导城,12分钟,青魔,从头参与,2024/02/05 22:03:47,2024/02/05 22:15:50
358,最终决战天幕魔导城,7.4分钟,青魔,从头参与,2024/02/05 22:16:47,2024/02/05 22:24:14
359,最终决战天幕魔导城,7.5分钟,青魔,从头参与,2024/02/05 22:25:13,2024/02/05 22:32:45
360,最终决战天幕魔导城,7分钟,青魔,从头参与,2024/02/05 22:34:00,2024/02/05 22:40:59
361,最终决战天幕魔导城,8分钟,青魔,从头参与,2024/02/05 22:41:27,2024/02/05 22:49:24
362,最终决战天幕魔导城,7.2分钟,青魔,从头参与,2024/02/05 22:50:19,2024/02/05 22:57:31
363,最终决战天幕魔导城,7.8分钟,青魔,从头参与,2024/02/05 22:58:10,2024/02/05 23:05:56
364,最终决战天幕魔导城,7.2分钟,青魔,从头参与,2024/02/05 23:06:22,2024/02/05 23:13:37
365,最终决战天幕魔导城,7.1分钟,青魔,从头参与,2024/02/05 23:14:59,2024/02/05 23:22:06
366,最终决战天幕魔导城,11.5分钟,青魔,从头参与,2024/02/05 23:22:50,2024/02/05 23:34:19
367,最终决战天幕魔导城,7.9分钟,青魔,从头参与,2024/02/05 23:34:47,2024/02/05 23:42:40
368,最终决战天幕魔导城,7.8分钟,青魔,从头参与,2024/02/05 23:43:18,2024/02/05 23:51:06
369,最终决战天幕魔导城,12.7分钟,青魔,从头参与,2024/02/05 23:52:24,2024/02/06 00:05:05
370,最终决战天幕魔导城,9.1分钟,青魔,从头参与,2024/02/06 00:34:54,2024/02/06 00:43:58
371,最终决战天幕魔导城,8.3分钟,青魔,从头参与,2024/02/06 00:44:37,2024/02/06 00:52:56
372,最终决战天幕魔导城,8.8分钟,青魔,从头参与,2024/02/06 00:53:26,2024/02/06 01:02:16
373,最终决战天幕魔导城,9.6分钟,青魔,从头参与,2024/02/06 01:02:50,2024/02/06 01:12:23
374,最终决战天幕魔导城,9分钟,青魔,从头参与,2024/02/06 01:13:48,2024/02/06 01:22:48
375,最终决战天幕魔导城,8.1分钟,青魔,从头参与,2024/02/06 01:23:15,2024/02/06 01:31:20
376,最终决战天幕魔导城,7.2分钟,青魔,从头参与,2024/02/06 01:35:09,2024/02/06 01:42:24
377,最终决战天幕魔导城,7.4分钟,青魔,从头参与,2024/02/06 01:43:20,2024/02/06 01:50:45
378,最终决战天幕魔导城,7.4分钟,青魔,从头参与,2024/02/06 01:51:25,2024/02/06 01:58:51
379,最终决战天幕魔导城,7.3分钟,青魔,从头参与,2024/02/06 02:00:18,2024/02/06 02:07:36
380,最终决战天幕魔导城,7.9分钟,青魔,从头参与,2024/02/06 02:08:53,2024/02/06 02:16:47
381,最终决战天幕魔导城,7.3分钟,青魔,从头参与,2024/02/06 02:17:14,2024/02/06 02:24:34
382,最终决战天幕魔导城,7.4分钟,青魔,从头参与,2024/02/06 02:26:25,2024/02/06 02:33:52
383,最终决战天幕魔导城,7.4分钟,青魔,从头参与,2024/02/06 02:34:20,2024/02/06 02:41:47
384,最终决战天幕魔导城,7.8分钟,青魔,从头参与,2024/02/06 02:42:14,2024/02/06 02:50:00
385,最终决战天幕魔导城,8.4分钟,青魔,从头参与,2024/02/06 10:58:52,2024/02/06 11:07:14
386,最终决战天幕魔导城,7分钟,青魔,从头参与,2024/02/06 11:07:48,2024/02/06 11:14:51
387,最终决战天幕魔导城,7.1分钟,青魔,从头参与,2024/02/06 11:15:17,2024/02/06 11:22:24
388,最终决战天幕魔导城,7.2分钟,青魔,从头参与,2024/02/06 11:22:53,2024/02/06 11:30:04
389,最终决战天幕魔导城,7.1分钟,青魔,从头参与,2024/02/06 11:30:43,2024/02/06 11:37:50
390,最终决战天幕魔导城,7.1分钟,青魔,从头参与,2024/02/06 11:38:16,2024/02/06 11:45:23
391,最终决战天幕魔导城,7.1分钟,青魔,从头参与,2024/02/06 11:45:55,2024/02/06 11:52:59
392,最终决战天幕魔导城,7.1分钟,青魔,从头参与,2024/02/06 11:53:30,2024/02/06 12:00:35
393,最终决战天幕魔导城,7.2分钟,青魔,从头参与,2024/02/06 12:00:59,2024/02/06 12:08:09
394,最终决战天幕魔导城,7.1分钟,青魔,从头参与,2024/02/06 12:08:35,2024/02/06 12:15:41
395,最终决战天幕魔导城,7.5分钟,青魔,从头参与,2024/02/06 12:23:59,2024/02/06 12:31:30
396,最终决战天幕魔导城,7.4分钟,青魔,从头参与,2024/02/06 12:32:19,2024/02/06 12:39:40
397,最终决战天幕魔导城,7.4分钟,青魔,从头参与,2024/02/06 12:40:53,2024/02/06 12:47:34
398,最终决战天幕魔导城,7.3分钟,青魔,从头参与,2024/02/06 12:48:00,2024/02/06 12:55:20
399,最终决战天幕魔导城,7.4分钟,青魔,从头参与,2024/02/06 12:55:58,2024/02/06 13:03:24
400,最终决战天幕魔导城,7.5分钟,青魔,从头参与,2024/02/06 13:07:47,2024/02/06 13:15:16
401,最终决战天幕魔导城,7.4分钟,青魔,从头参与,2024/02/06 13:15:50,2024/02/06 13:23:15
402,最终决战天幕魔导城,7.3分钟,青魔,从头参与,2024/02/06 13:23:50,2024/02/06 13:31:06
403,最终决战天幕魔导城,7.3分钟,青魔,从头参与,2024/02/06 13:31:43,2024/02/06 13:38:59
404,最终决战天幕魔导城,9.2分钟,青魔,从头参与,2024/02/06 13:39:35,2024/02/06 13:48:45
405,最终决战天幕魔导城,7.2分钟,青魔,从头参与,2024/02/06 13:49:18,2024/02/06 13:56:31
406,最终决战天幕魔导城,7.6分钟,青魔,从头参与,2024/02/06 13:57:01,2024/02/06 14:04:40
407,最终决战天幕魔导城,7.3分钟,青魔,从头参与,2024/02/06 14:05:09,2024/02/06 14:12:27
408,最终决战天幕魔导城,7.3分钟,青魔,从头参与,2024/02/06 14:12:56,2024/02/06 14:20:16
409,最终决战天幕魔导城,7.1分钟,青魔,从头参与,2024/02/06 14:20:46,2024/02/06 14:27:54
410,最终决战天幕魔导城,7.4分钟,青魔,从头参与,2024/02/06 14:28:29,2024/02/06 14:35:50
411,最终决战天幕魔导城,7.3分钟,青魔,从头参与,2024/02/06 14:36:28,2024/02/06 14:43:48
412,最终决战天幕魔导城,8分钟,青魔,从头参与,2024/02/06 14:44:22,2024/02/06 14:52:21
413,最终决战天幕魔导城,7.6分钟,青魔,从头参与,2024/02/06 14:52:54,2024/02/06 15:00:28
414,最终决战天幕魔导城,8.3分钟,青魔,从头参与,2024/02/06 15:15:56,2024/02/06 15:24:13
415,最终决战天幕魔导城,7.7分钟,青魔,从头参与,2024/02/06 15:24:44,2024/02/06 15:32:28
416,最终决战天幕魔导城,7.6分钟,青魔,从头参与,2024/02/06 15:32:55,2024/02/06 15:40:31
417,最终决战天幕魔导城,7.3分钟,青魔,从头参与,2024/02/06 15:41:00,2024/02/06 15:48:20
418,最终决战天幕魔导城,7.4分钟,青魔,从头参与,2024/02/06 15:48:51,2024/02/06 15:56:14
419,未知,无,青魔,取消任务,2024/02/06 15:56:33
419,最终决战天幕魔导城,7.7分钟,青魔,从头参与,2024/02/06 15:56:50,2024/02/06 16:04:32
420,最终决战天幕魔导城,7.8分钟,青魔,从头参与,2024/02/06 16:05:06,2024/02/06 16:12:52
421,最终决战天幕魔导城,7.5分钟,青魔,从头参与,2024/02/06 16:13:44,2024/02/06 16:21:14
422,最终决战天幕魔导城,7.5分钟,青魔,从头参与,2024/02/06 16:21:56,2024/02/06 16:29:24
423,最终决战天幕魔导城,9.2分钟,青魔,从头参与,2024/02/06 16:30:07,2024/02/06 16:39:16
424,最终决战天幕魔导城,7.5分钟,青魔,从头参与,2024/02/06 16:43:16,2024/02/06 16:50:44
425,最终决战天幕魔导城,7.9分钟,青魔,从头参与,2024/02/06 16:51:15,2024/02/06 16:59:10
426,最终决战天幕魔导城,7.7分钟,青魔,从头参与,2024/02/06 16:59:42,2024/02/06 17:07:22
427,最终决战天幕魔导城,7.6分钟,青魔,从头参与,2024/02/06 17:07:48,2024/02/06 17:15:23
428,最终决战天幕魔导城,7.8分钟,青魔,从头参与,2024/02/06 17:15:53,2024/02/06 17:23:40
429,最终决战天幕魔导城,7.5分钟,青魔,从头参与,2024/02/06 17:24:04,2024/02/06 17:31:34
430,最终决战天幕魔导城,7.9分钟,青魔,从头参与,2024/02/06 17:32:06,2024/02/06 17:40:00
431,最终决战天幕魔导城,8分钟,青魔,从头参与,2024/02/06 17:40:29,2024/02/06 17:48:28
432,最终决战天幕魔导城,8.2分钟,青魔,从头参与,2024/02/06 17:49:08,2024/02/06 17:57:18
433,最终决战天幕魔导城,7.6分钟,青魔,从头参与,2024/02/06 17:57:54,2024/02/06 18:05:27
434,最终决战天幕魔导城,7.6分钟,青魔,从头参与,2024/02/06 18:11:26,2024/02/06 18:18:59
435,最终决战天幕魔导城,8分钟,青魔,从头参与,2024/02/06 18:19:25,2024/02/06 18:27:22
436,最终决战天幕魔导城,8.2分钟,青魔,从头参与,2024/02/06 18:27:51,2024/02/06 18:36:00
437,最终决战天幕魔导城,7.7分钟,青魔,从头参与,2024/02/06 18:36:29,2024/02/06 18:44:10
438,最终决战天幕魔导城,7.6分钟,青魔,从头参与,2024/02/06 18:44:44,2024/02/06 18:52:17
439,最终决战天幕魔导城,7.3分钟,青魔,从头参与,2024/02/06 18:54:00,2024/02/06 19:01:18
440,最终决战天幕魔导城,7.6分钟,青魔,从头参与,2024/02/06 19:01:57,2024/02/06 19:09:31
441,最终决战天幕魔导城,8.2分钟,青魔,从头参与,2024/02/06 19:16:16,2024/02/06 19:24:26
442,最终决战天幕魔导城,7.8分钟,青魔,从头参与,2024/02/06 19:24:55,2024/02/06 19:32:45
443,最终决战天幕魔导城,7.5分钟,青魔,从头参与,2024/02/06 19:33:17,2024/02/06 19:40:47
444,未知,无,青魔,取消任务,2024/02/06 19:41:09
444,最终决战天幕魔导城,7.5分钟,青魔,从头参与,2024/02/06 19:55:23,2024/02/06 20:02:53
445,最终决战天幕魔导城,7.2分钟,青魔,从头参与,2024/02/06 20:03:19,2024/02/06 20:10:29
446,最终决战天幕魔导城,7.3分钟,青魔,从头参与,2024/02/06 20:10:57,2024/02/06 20:18:17
447,最终决战天幕魔导城,7.3分钟,青魔,从头参与,2024/02/06 20:18:43,2024/02/06 20:26:02
448,最终决战天幕魔导城,7.9分钟,青魔,从头参与,2024/02/06 20:26:29,2024/02/06 20:34:23
449,最终决战天幕魔导城,7.5分钟,青魔,从头参与,2024/02/06 20:34:49,2024/02/06 20:42:17
450,最终决战天幕魔导城,7.2分钟,青魔,从头参与,2024/02/06 20:42:42,2024/02/06 20:49:52
451,最终决战天幕魔导城,7.3分钟,青魔,从头参与,2024/02/06 20:50:22,2024/02/06 20:57:39
452,最终决战天幕魔导城,7.3分钟,青魔,从头参与,2024/02/06 20:58:10,2024/02/06 21:05:30
453,最终决战天幕魔导城,7.1分钟,青魔,从头参与,2024/02/06 21:05:56,2024/02/06 21:13:02
454,最终决战天幕魔导城,8.2分钟,青魔,从头参与,2024/02/06 21:29:40,2024/02/06 21:37:54
455,最终决战天幕魔导城,7.1分钟,青魔,从头参与,2024/02/06 21:50:23,2024/02/06 21:57:28
456,最终决战天幕魔导城,7.1分钟,青魔,从头参与,2024/02/06 21:58:17,2024/02/06 22:05:23
457,最终决战天幕魔导城,7.1分钟,青魔,从头参与,2024/02/06 22:05:48,2024/02/06 22:12:53
458,最终决战天幕魔导城,7.8分钟,青魔,从头参与,2024/02/06 22:17:20,2024/02/06 22:25:11
459,最终决战天幕魔导城,7.3分钟,青魔,从头参与,2024/02/06 22:25:46,2024/02/06 22:33:03
460,最终决战天幕魔导城,7.7分钟,青魔,从头参与,2024/02/06 22:33:26,2024/02/06 22:41:06
461,最终决战天幕魔导城,7分钟,青魔,从头参与,2024/02/06 22:42:06,2024/02/06 22:49:03
462,最终决战天幕魔导城,7.4分钟,青魔,从头参与,2024/02/06 22:49:30,2024/02/06 22:56:56
463,最终决战天幕魔导城,7.3分钟,青魔,从头参与,2024/02/06 23:33:38,2024/02/06 23:40:54
464,最终决战天幕魔导城,7.8分钟,青魔,从头参与,2024/02/06 23:41:22,2024/02/06 23:49:08
465,最终决战天幕魔导城,7.2分钟,青魔,从头参与,2024/02/06 23:49:43,2024/02/06 23:56:55
466,最终决战天幕魔导城,7.4分钟,青魔,从头参与,2024/02/06 23:57:27,2024/02/07 00:04:48
467,最终决战天幕魔导城,7.1分钟,青魔,从头参与,2024/02/07 00:05:16,2024/02/07 00:12:23
468,最终决战天幕魔导城,7.7分钟,青魔,从头参与,2024/02/07 00:12:54,2024/02/07 00:20:34
469,最终决战天幕魔导城,7.3分钟,青魔,从头参与,2024/02/07 00:21:10,2024/02/07 00:28:27
470,最终决战天幕魔导城,7.5分钟,青魔,从头参与,2024/02/07 00:28:59,2024/02/07 00:36:31
471,最终决战天幕魔导城,7.7分钟,青魔,从头参与,2024/02/07 00:36:58,2024/02/07 00:44:38
472,最终决战天幕魔导城,7.8分钟,青魔,从头参与,2024/02/07 00:45:29,2024/02/07 00:53:17
473,最终决战天幕魔导城,7.3分钟,青魔,从头参与,2024/02/07 01:01:26,2024/02/07 01:08:42
474,最终决战天幕魔导城,7.3分钟,青魔,从头参与,2024/02/07 01:09:20,2024/02/07 01:16:38
475,最终决战天幕魔导城,7.4分钟,青魔,从头参与,2024/02/07 01:17:04,2024/02/07 01:24:25
476,最终决战天幕魔导城,7.2分钟,青魔,从头参与,2024/02/07 01:25:10,2024/02/07 01:32:25
477,最终决战天幕魔导城,7.5分钟,青魔,从头参与,2024/02/07 01:32:51,2024/02/07 01:40:22
478,最终决战天幕魔导城,7.3分钟,青魔,从头参与,2024/02/07 01:40:48,2024/02/07 01:48:08
479,最终决战天幕魔导城,7.3分钟,青魔,从头参与,2024/02/07 01:48:38,2024/02/07 01:55:55
480,最终决战天幕魔导城,7.1分钟,青魔,从头参与,2024/02/07 01:56:50,2024/02/07 02:03:55
481,最终决战天幕魔导城,7.3分钟,青魔,从头参与,2024/02/07 02:04:30,2024/02/07 02:11:46
482,最终决战天幕魔导城,7.4分钟,青魔,从头参与,2024/02/07 02:12:15,2024/02/07 02:19:38
483,最终决战天幕魔导城,7.4分钟,青魔,从头参与,2024/02/07 02:35:38,2024/02/07 02:42:59
484,最终决战天幕魔导城,7.4分钟,青魔,从头参与,2024/02/07 02:43:35,2024/02/07 02:50:58
485,最终决战天幕魔导城,7.4分钟,青魔,从头参与,2024/02/07 02:51:24,2024/02/07 02:58:45
486,最终决战天幕魔导城,24分钟,青魔,从头参与,2024/02/07 11:21:56,2024/02/07 11:45:56
487,最终决战天幕魔导城,8.2分钟,青魔,从头参与,2024/02/07 12:04:53,2024/02/07 12:13:08
488,最终决战天幕魔导城,7.8分钟,青魔,从头参与,2024/02/07 12:13:35,2024/02/07 12:21:20
489,最终决战天幕魔导城,7.4分钟,青魔,从头参与,2024/02/07 12:22:18,2024/02/07 12:29:40
490,最终决战天幕魔导城,7.5分钟,青魔,从头参与,2024/02/07 12:30:11,2024/02/07 12:37:43
491,最终决战天幕魔导城,7.8分钟,青魔,从头参与,2024/02/07 12:38:13,2024/02/07 12:46:04
492,最终决战天幕魔导城,7.5分钟,青魔,从头参与,2024/02/07 12:48:06,2024/02/07 12:55:35
493,最终决战天幕魔导城,7.3分钟,青魔,从头参与,2024/02/07 13:03:32,2024/02/07 13:10:51
494,最终决战天幕魔导城,7.3分钟,青魔,从头参与,2024/02/07 13:11:19,2024/02/07 13:18:36
495,最终决战天幕魔导城,8.8分钟,青魔,从头参与,2024/02/07 13:19:03,2024/02/07 13:27:53
496,最终决战天幕魔导城,7.4分钟,青魔,从头参与,2024/02/07 13:28:19,2024/02/07 13:35:45
497,最终决战天幕魔导城,7.3分钟,青魔,从头参与,2024/02/07 13:36:11,2024/02/07 13:43:30
498,最终决战天幕魔导城,7.3分钟,青魔,从头参与,2024/02/07 13:44:10,2024/02/07 13:51:28
499,最终决战天幕魔导城,7.3分钟,青魔,从头参与,2024/02/07 13:51:57,2024/02/07 13:59:17
500,最终决战天幕魔导城,7.9分钟,青魔,从头参与,2024/02/07 14:00:16,2024/02/07 14:08:10
501,最终决战天幕魔导城,8.4分钟,青魔,从头参与,2024/02/07 14:08:38,2024/02/07 14:17:05
502,最终决战天幕魔导城,7.4分钟,青魔,从头参与,2024/02/07 14:17:30,2024/02/07 14:24:55
503,最终决战天幕魔导城,7分钟,青魔,从头参与,2024/02/07 14:27:01,2024/02/07 14:34:04
504,最终决战天幕魔导城,7.1分钟,青魔,从头参与,2024/02/07 14:34:30,2024/02/07 14:41:35
505,最终决战天幕魔导城,7.2分钟,青魔,从头参与,2024/02/07 14:41:59,2024/02/07 14:49:10
506,最终决战天幕魔导城,7.2分钟,青魔,从头参与,2024/02/07 14:49:34,2024/02/07 14:56:48
507,最终决战天幕魔导城,7.2分钟,青魔,从头参与,2024/02/07 14:57:12,2024/02/07 15:04:25
508,最终决战天幕魔导城,8.7分钟,青魔,从头参与,2024/02/07 15:16:01,2024/02/07 15:24:41
509,最终决战天幕魔导城,7.4分钟,青魔,从头参与,2024/02/07 15:25:15,2024/02/07 15:32:39
510,最终决战天幕魔导城,7.4分钟,青魔,从头参与,2024/02/07 15:33:16,2024/02/07 15:40:42
511,最终决战天幕魔导城,9.6分钟,青魔,从头参与,2024/02/07 15:41:12,2024/02/07 15:50:51
512,最终决战天幕魔导城,7.5分钟,青魔,从头参与,2024/02/07 15:51:22,2024/02/07 15:58:54
513,最终决战天幕魔导城,7.4分钟,青魔,从头参与,2024/02/07 15:59:23,2024/02/07 16:06:49
514,最终决战天幕魔导城,7.5分钟,青魔,从头参与,2024/02/07 16:07:39,2024/02/07 16:15:11
515,最终决战天幕魔导城,7.7分钟,青魔,从头参与,2024/02/07 16:15:42,2024/02/07 16:23:25
516,最终决战天幕魔导城,7.3分钟,青魔,从头参与,2024/02/07 16:23:58,2024/02/07 16:31:18
517,最终决战天幕魔导城,7.3分钟,青魔,从头参与,2024/02/07 16:31:49,2024/02/07 16:39:08
518,最终决战天幕魔导城,7.5分钟,青魔,从头参与,2024/02/07 16:59:03,2024/02/07 17:06:31
519,最终决战天幕魔导城,7.6分钟,青魔,从头参与,2024/02/07 17:06:56,2024/02/07 17:14:29
520,最终决战天幕魔导城,7.3分钟,青魔,从头参与,2024/02/07 17:14:57,2024/02/07 17:22:16
521,最终决战天幕魔导城,7.4分钟,青魔,从头参与,2024/02/07 17:22:46,2024/02/07 17:30:07
522,最终决战天幕魔导城,7.4分钟,青魔,从头参与,2024/02/07 17:30:53,2024/02/07 17:38:17
523,最终决战天幕魔导城,8.4分钟,青魔,从头参与,2024/02/07 17:38:45,2024/02/07 17:47:09
524,最终决战天幕魔导城,7.6分钟,青魔,从头参与,2024/02/07 17:48:19,2024/02/07 17:55:58
525,最终决战天幕魔导城,7.3分钟,青魔,从头参与,2024/02/07 17:56:29,2024/02/07 18:03:47
526,最终决战天幕魔导城,7.1分钟,青魔,从头参与,2024/02/07 18:04:43,2024/02/07 18:11:49
527,最终决战天幕魔导城,7.2分钟,青魔,从头参与,2024/02/07 18:12:17,2024/02/07 18:19:28
528,最终决战天幕魔导城,8分钟,青魔,从头参与,2024/02/07 18:30:14,2024/02/07 18:38:16
529,最终决战天幕魔导城,8分钟,青魔,从头参与,2024/02/07 18:38:57,2024/02/07 18:46:56
530,最终决战天幕魔导城,7.8分钟,青魔,从头参与,2024/02/07 18:47:21,2024/02/07 18:55:11
531,最终决战天幕魔导城,7.3分钟,青魔,从头参与,2024/02/07 18:55:40,2024/02/07 19:03:00
532,最终决战天幕魔导城,7.4分钟,青魔,从头参与,2024/02/07 19:03:34,2024/02/07 19:11:00
533,最终决战天幕魔导城,8.1分钟,青魔,从头参与,2024/02/07 19:11:31,2024/02/07 19:19:37
534,最终决战天幕魔导城,7.6分钟,青魔,从头参与,2024/02/07 19:20:09,2024/02/07 19:27:44
535,最终决战天幕魔导城,7.3分钟,青魔,从头参与,2024/02/07 19:30:49,2024/02/07 19:38:07
536,最终决战天幕魔导城,7.4分钟,青魔,从头参与,2024/02/07 19:38:42,2024/02/07 19:46:06
537,最终决战天幕魔导城,7.5分钟,青魔,从头参与,2024/02/07 19:46:42,2024/02/07 19:54:13
538,未知,无,青魔,取消任务,2024/02/07 19:55:35
538,最终决战天幕魔导城,7.6分钟,青魔,从头参与,2024/02/07 19:56:23,2024/02/07 20:03:58
539,最终决战天幕魔导城,7.5分钟,青魔,从头参与,2024/02/07 20:04:27,2024/02/07 20:11:57
540,最终决战天幕魔导城,7.8分钟,青魔,从头参与,2024/02/07 20:12:32,2024/02/07 20:20:22
541,最终决战天幕魔导城,8分钟,青魔,从头参与,2024/02/07 20:21:24,2024/02/07 20:29:22
542,最终决战天幕魔导城,7.6分钟,青魔,从头参与,2024/02/07 20:29:51,2024/02/07 20:37:28
543,最终决战天幕魔导城,7.5分钟,青魔,从头参与,2024/02/07 20:37:55,2024/02/07 20:45:25
544,最终决战天幕魔导城,8.2分钟,青魔,从头参与,2024/02/07 20:45:58,2024/02/07 20:54:09
545,最终决战天幕魔导城,7.8分钟,青魔,从头参与,2024/02/07 20:54:40,2024/02/07 21:02:25
546,最终决战天幕魔导城,8.1分钟,青魔,从头参与,2024/02/07 21:03:14,2024/02/07 21:11:21
547,未知,无,青魔,取消任务,2024/02/07 21:11:49
547,最终决战天幕魔导城,7.6分钟,青魔,从头参与,2024/02/07 21:12:12,2024/02/07 21:19:49
548,最终决战天幕魔导城,7.4分钟,青魔,从头参与,2024/02/07 21:37:05,2024/02/07 21:44:28
549,最终决战天幕魔导城,7.2分钟,青魔,从头参与,2024/02/07 21:44:55,2024/02/07 21:52:05
550,最终决战天幕魔导城,7.6分钟,青魔,从头参与,2024/02/07 21:52:34,2024/02/07 22:00:12
551,最终决战天幕魔导城,7.4分钟,青魔,从头参与,2024/02/07 22:00:42,2024/02/07 22:08:09
552,最终决战天幕魔导城,7.9分钟,青魔,从头参与,2024/02/07 22:08:34,2024/02/07 22:16:28
553,未知,无,青魔,取消任务,2024/02/07 22:17:27
553,最终决战天幕魔导城,7.6分钟,青魔,从头参与,2024/02/07 22:17:46,2024/02/07 22:25:22
554,未知,无,青魔,取消任务,2024/02/07 22:26:21
554,最终决战天幕魔导城,8.4分钟,青魔,从头参与,2024/02/07 22:26:55,2024/02/07 22:35:19
555,最终决战天幕魔导城,9分钟,青魔,从头参与,2024/02/07 22:35:49,2024/02/07 22:44:50
556,未知,无,青魔,取消任务,2024/02/07 22:45:49
556,最终决战天幕魔导城,7.6分钟,青魔,从头参与,2024/02/07 22:46:05,2024/02/07 22:53:39
557,最终决战天幕魔导城,7.2分钟,青魔,从头参与,2024/02/07 22:54:08,2024/02/07 23:01:23
558,未知,无,青魔,取消任务,2024/02/07 23:01:41
558,最终决战天幕魔导城,7.4分钟,青魔,从头参与,2024/02/07 23:18:42,2024/02/07 23:26:04
559,最终决战天幕魔导城,9.7分钟,青魔,从头参与,2024/02/07 23:27:02,2024/02/07 23:36:43
560,最终决战天幕魔导城,7.2分钟,青魔,从头参与,2024/02/07 23:37:34,2024/02/07 23:44:48
561,最终决战天幕魔导城,7.2分钟,青魔,从头参与,2024/02/07 23:45:19,2024/02/07 23:52:33
562,最终决战天幕魔导城,9.4分钟,青魔,从头参与,2024/02/07 23:53:04,2024/02/08 00:02:25
563,最终决战天幕魔导城,8.2分钟,青魔,从头参与,2024/02/08 00:02:52,2024/02/08 00:11:01
564,最终决战天幕魔导城,7.8分钟,青魔,从头参与,2024/02/08 00:11:27,2024/02/08 00:19:18
565,最终决战天幕魔导城,8.8分钟,青魔,从头参与,2024/02/08 00:19:49,2024/02/08 00:28:35
566,最终决战天幕魔导城,8.3分钟,青魔,从头参与,2024/02/08 00:29:07,2024/02/08 00:37:24
567,最终决战天幕魔导城,8.8分钟,青魔,从头参与,2024/02/08 00:37:50,2024/02/08 00:46:37
568,最终决战天幕魔导城,8.9分钟,青魔,从头参与,2024/02/08 00:49:22,2024/02/08 00:58:17
569,最终决战天幕魔导城,7.5分钟,青魔,从头参与,2024/02/08 01:06:07,2024/02/08 01:13:37
570,最终决战天幕魔导城,7.6分钟,青魔,从头参与,2024/02/08 01:14:04,2024/02/08 01:21:37
571,最终决战天幕魔导城,7.2分钟,青魔,从头参与,2024/02/08 01:22:01,2024/02/08 01:29:16
572,最终决战天幕魔导城,7.5分钟,青魔,从头参与,2024/02/08 01:29:43,2024/02/08 01:37:15
573,最终决战天幕魔导城,7.7分钟,青魔,从头参与,2024/02/08 01:37:41,2024/02/08 01:45:24
574,最终决战天幕魔导城,7.6分钟,青魔,从头参与,2024/02/08 01:45:51,2024/02/08 01:53:28
575,最终决战天幕魔导城,9.8分钟,青魔,从头参与,2024/02/08 01:54:06,2024/02/08 02:03:53
576,最终决战天幕魔导城,7.5分钟,青魔,从头参与,2024/02/08 02:04:30,2024/02/08 02:12:01
577,最终决战天幕魔导城,7.5分钟,青魔,从头参与,2024/02/08 02:12:52,2024/02/08 02:20:20
578,最终决战天幕魔导城,7.5分钟,青魔,从头参与,2024/02/08 02:20:46,2024/02/08 02:28:14
579,最终决战天幕魔导城,7.2分钟,青魔,从头参与,2024/02/08 02:30:03,2024/02/08 02:37:16
580,最终决战天幕魔导城,7.4分钟,青魔,从头参与,2024/02/08 02:37:43,2024/02/08 02:45:04
581,最终决战天幕魔导城,7.4分钟,青魔,从头参与,2024/02/08 02:45:29,2024/02/08 02:52:51
582,最终决战天幕魔导城,7.4分钟,青魔,从头参与,2024/02/08 02:53:15,2024/02/08 03:00:37
583,最终决战天幕魔导城,7.4分钟,青魔,从头参与,2024/02/08 10:29:58,2024/02/08 10:37:25
584,最终决战天幕魔导城,7.1分钟,青魔,从头参与,2024/02/08 10:37:50,2024/02/08 10:44:55
585,最终决战天幕魔导城,7.3分钟,青魔,从头参与,2024/02/08 10:45:20,2024/02/08 10:52:38
586,最终决战天幕魔导城,7.2分钟,青魔,从头参与,2024/02/08 10:53:02,2024/02/08 11:00:17
587,最终决战天幕魔导城,7.6分钟,青魔,从头参与,2024/02/08 11:00:41,2024/02/08 11:08:18
588,最终决战天幕魔导城,9.8分钟,青魔,从头参与,2024/02/08 11:11:58,2024/02/08 11:21:48
589,最终决战天幕魔导城,7.2分钟,青魔,从头参与,2024/02/08 11:22:14,2024/02/08 11:29:25
590,最终决战天幕魔导城,7.4分钟,青魔,从头参与,2024/02/08 11:29:53,2024/02/08 11:37:15
591,最终决战天幕魔导城,7.3分钟,青魔,从头参与,2024/02/08 11:37:39,2024/02/08 11:44:56
592,最终决战天幕魔导城,9分钟,青魔,从头参与,2024/02/08 11:45:35,2024/02/08 11:54:33
593,最终决战天幕魔导城,10.2分钟,青魔,从头参与,2024/02/08 11:54:58,2024/02/08 12:05:07
594,最终决战天幕魔导城,7.4分钟,青魔,从头参与,2024/02/08 12:09:32,2024/02/08 12:16:59
595,最终决战天幕魔导城,7.2分钟,青魔,从头参与,2024/02/08 12:17:31,2024/02/08 12:24:43
596,最终决战天幕魔导城,7.6分钟,青魔,从头参与,2024/02/08 12:25:10,2024/02/08 12:32:49
597,未知,无,青魔,取消任务,2024/02/08 12:34:01
597,最终决战天幕魔导城,7.4分钟,青魔,从头参与,2024/02/08 12:34:27,2024/02/08 12:41:54
598,最终决战天幕魔导城,7.3分钟,青魔,从头参与,2024/02/08 12:42:52,2024/02/08 12:50:12
599,最终决战天幕魔导城,7.9分钟,青魔,从头参与,2024/02/08 12:50:50,2024/02/08 12:58:42
600,最终决战天幕魔导城,7.3分钟,青魔,从头参与,2024/02/08 12:59:12,2024/02/08 13:06:32
601,123,3.7分钟,青魔,从头参与,2024/02/08 13:11:31,2024/02/08 13:15:14
602,1234,4.8分钟,青魔,从头参与,2024/02/08 13:18:45,2024/02/08 13:23:30
603,最终决战天幕魔导城,8.2分钟,青魔,从头参与,2024/02/08 13:23:59,2024/02/08 13:32:14
604,最终决战天幕魔导城,7.4分钟,青魔,从头参与,2024/02/08 13:32:45,2024/02/08 13:40:08
605,最终决战天幕魔导城,7.4分钟,青魔,从头参与,2024/02/08 13:40:44,2024/02/08 13:48:08
606,最终决战天幕魔导城,7.5分钟,青魔,从头参与,2024/02/08 13:48:41,2024/02/08 13:56:10
607,最终决战天幕魔导城,7.3分钟,青魔,从头参与,2024/02/08 13:57:12,2024/02/08 14:04:29
608,最终决战天幕魔导城,11.8分钟,青魔,从头参与,2024/02/08 15:02:41,2024/02/08 15:14:27
609,未知,无,青魔,取消任务,2024/02/08 15:16:05
609,最终决战天幕魔导城,8.9分钟,青魔,从头参与,2024/02/08 15:16:20,2024/02/08 15:25:13
610,最终决战天幕魔导城,9.2分钟,青魔,从头参与,2024/02/08 15:25:44,2024/02/08 15:34:56
611,最终决战天幕魔导城,9分钟,青魔,从头参与,2024/02/08 15:35:38,2024/02/08 15:44:36
612,最终决战天幕魔导城,10.5分钟,青魔,从头参与,2024/02/08 15:46:09,2024/02/08 15:56:40
613,最终决战天幕魔导城,7.5分钟,青魔,从头参与,2024/02/08 15:57:08,2024/02/08 16:04:37
614,最终决战天幕魔导城,11.2分钟,青魔,从头参与,2024/02/08 16:05:55,2024/02/08 16:17:08
615,最终决战天幕魔导城,8.2分钟,青魔,从头参与,2024/02/08 16:19:08,2024/02/08 16:27:23
616,最终决战天幕魔导城,7.6分钟,青魔,从头参与,2024/02/08 16:27:52,2024/02/08 16:35:31
617,最终决战天幕魔导城,11.8分钟,青魔,从头参与,2024/02/08 16:36:07,2024/02/08 16:47:55
618,最终决战天幕魔导城,11.7分钟,青魔,从头参与,2024/02/08 17:15:35,2024/02/08 17:27:17
619,最终决战天幕魔导城,8.6分钟,青魔,从头参与,2024/02/08 17:29:23,2024/02/08 17:38:02
620,最终决战天幕魔导城,7.6分钟,青魔,从头参与,2024/02/08 17:39:14,2024/02/08 17:46:52
621,最终决战天幕魔导城,7.4分钟,青魔,从头参与,2024/02/08 17:47:26,2024/02/08 17:54:52
622,最终决战天幕魔导城,7.4分钟,青魔,从头参与,2024/02/08 17:56:46,2024/02/08 18:04:10
623,最终决战天幕魔导城,8.1分钟,青魔,从头参与,2024/02/08 18:04:37,2024/02/08 18:12:45
624,最终决战天幕魔导城,7.6分钟,青魔,从头参与,2024/02/08 18:13:13,2024/02/08 18:20:49
625,最终决战天幕魔导城,7.3分钟,青魔,从头参与,2024/02/08 18:26:02,2024/02/08 18:33:19
626,最终决战天幕魔导城,7.5分钟,青魔,从头参与,2024/02/08 18:34:26,2024/02/08 18:41:58
627,最终决战天幕魔导城,7.4分钟,青魔,从头参与,2024/02/08 18:42:23,2024/02/08 18:49:47
628,最终决战天幕魔导城,7.2分钟,青魔,从头参与,2024/02/08 18:50:12,2024/02/08 18:57:23
629,最终决战天幕魔导城,7.6分钟,青魔,从头参与,2024/02/08 18:57:54,2024/02/08 19:05:30
630,最终决战天幕魔导城,7.7分钟,青魔,从头参与,2024/02/08 19:05:55,2024/02/08 19:13:39
631,最终决战天幕魔导城,7.7分钟,青魔,从头参与,2024/02/08 19:14:19,2024/02/08 19:22:00
632,最终决战天幕魔导城,7.6分钟,青魔,从头参与,2024/02/08 19:22:28,2024/02/08 19:30:05
633,最终决战天幕魔导城,9.8分钟,青魔,从头参与,2024/02/08 19:30:38,2024/02/08 19:40:29
634,最终决战天幕魔导城,7.5分钟,青魔,从头参与,2024/02/08 19:41:19,2024/02/08 19:48:48
635,最终决战天幕魔导城,8分钟,青魔,从头参与,2024/02/08 19:59:12,2024/02/08 20:07:14
636,最终决战天幕魔导城,7.3分钟,青魔,从头参与,2024/02/08 20:08:05,2024/02/08 20:15:22
637,最终决战天幕魔导城,7.4分钟,青魔,从头参与,2024/02/08 20:16:05,2024/02/08 20:23:28
638,最终决战天幕魔导城,7.2分钟,青魔,从头参与,2024/02/08 20:24:12,2024/02/08 20:31:26
639,最终决战天幕魔导城,7.3分钟,青魔,从头参与,2024/02/08 20:32:27,2024/02/08 20:39:44
640,最终决战天幕魔导城,7.8分钟,青魔,从头参与,2024/02/08 20:41:24,2024/02/08 20:49:09
641,最终决战天幕魔导城,8.6分钟,青魔,从头参与,2024/02/08 20:49:37,2024/02/08 20:58:13
642,最终决战天幕魔导城,8.5分钟,青魔,从头参与,2024/02/08 20:58:44,2024/02/08 21:07:13
643,最终决战天幕魔导城,7.6分钟,青魔,从头参与,2024/02/08 21:08:38,2024/02/08 21:16:13
644,最终决战天幕魔导城,10.4分钟,青魔,从头参与,2024/02/08 21:17:27,2024/02/08 21:27:53
645,最终决战天幕魔导城,8.1分钟,青魔,从头参与,2024/02/08 21:48:33,2024/02/08 21:56:38
646,最终决战天幕魔导城,7.5分钟,青魔,从头参与,2024/02/08 22:05:24,2024/02/08 22:12:56
647,最终决战天幕魔导城,8.4分钟,青魔,从头参与,2024/02/08 22:13:25,2024/02/08 22:21:51
648,最终决战天幕魔导城,7.3分钟,青魔,从头参与,2024/02/08 22:22:44,2024/02/08 22:30:01
649,最终决战天幕魔导城,7.2分钟,青魔,从头参与,2024/02/08 22:30:47,2024/02/08 22:37:57
650,最终决战天幕魔导城,7.6分钟,青魔,从头参与,2024/02/08 22:38:34,2024/02/08 22:46:08
651,最终决战天幕魔导城,7.9分钟,青魔,从头参与,2024/02/08 22:46:36,2024/02/08 22:54:28
652,最终决战天幕魔导城,7.4分钟,青魔,从头参与,2024/02/08 22:55:06,2024/02/08 23:02:29
653,最终决战天幕魔导城,9.2分钟,青魔,从头参与,2024/02/08 23:03:16,2024/02/08 23:12:29
654,最终决战天幕魔导城,9分钟,青魔,从头参与,2024/02/08 23:13:28,2024/02/08 23:22:30
655,最终决战天幕魔导城,9.2分钟,青魔,从头参与,2024/02/08 23:22:57,2024/02/08 23:32:10
656,最终决战天幕魔导城,7.9分钟,青魔,从头参与,2024/02/08 23:41:23,2024/02/08 23:49:16
657,最终决战天幕魔导城,7.3分钟,青魔,从头参与,2024/02/08 23:49:43,2024/02/08 23:57:00
