1,讨伐彷徨死灵,1,WAR,无,,
2,亚历山大机神城 (启动之章4),3,WAR,无,,
3,创造环境极北造物院,17,WAR,无,2023/5/25 2:38,2023/5/25 10:56
4,逆转要害沙斯塔夏溶洞,11,WAR,无,2023/07/17 03:07:47,2023/07/17 11:18:51
5,毒雾洞窟黄金谷,10,SGE,无,2023/07/23 06:42:30,2023/07/23 14:52:24
6,解放决战多玛王城,11,SGE,无,2023/07/25 01:32:45,2023/07/25 09:43:28
7,疯狂战舰无限回廊,12,SGE,无,2023/07/26 15:42:55,2023/07/26 23:54:53
8,讨伐彷徨死灵！,0,SGE,无,2023/07/27 08:14:46,2023/07/27 16:15:13
9,海底宫殿紫水宫,15,SGE,无,2023/08/02 15:09:40,2023/08/02 23:24:37
10,最终决战天幕魔导城,1687,SGE,无,2023/08/04 02:15:29,2023/08/05 14:22:00
11,究极神兵破坏作战,15,SGE,无,2023/08/05 06:23:48,2023/08/05 14:38:21
12,海底宫殿紫水宫,12,WAR,无,2023/08/07 00:27:07,2023/08/07 08:38:52
13,休养胜地布雷福洛克斯野营地,9,WAR,无,2023/09/26 07:13:29,2023/09/26 15:22:55
14,究极神兵破坏作战,14,WHM,无,2023/10/04 08:18:27,2023/10/04 16:32:43
15,海底宫殿紫水宫,11,SGE,无,2023/10/08 07:11:59,2023/10/08 15:22:31
16,伊甸希望乐园 共鸣之章4,8,WHM,无,2023/11/01 07:17:25,2023/11/01 15:25:06
17,讨伐坑道中出现的妖异！,1,WHM,无,2023/11/01 07:26:26,2023/11/01 15:27:42
18,希瓦歼殛战,4,WHM,无,2023/11/01 07:28:45,2023/11/01 15:33:13
19,最终决战天幕魔导城,26,WHM,无,2023/11/01 07:37:45,2023/11/01 16:03:22
20,监狱废墟托托·拉克千狱,6,WHM,无,2023/11/04 18:22:03,2023/11/05 02:28:23
21,文明古迹奇坦那神影洞,16,WAR,无,2023/11/18 18:07:16,2023/11/19 02:23:33
22,讨伐彷徨死灵！,0,WAR,无,2023/11/18 18:24:34,2023/11/19 02:24:59
23,避暑离宫马利卡大井,14,WAR,无,2023/11/18 18:25:27,2023/11/19 02:39:51
24,神龙歼灭战,5,WAR,无,2023/11/18 18:45:46,2023/11/19 02:50:51
25,神兵要塞帝国南方堡,15,WAR,无,2023/11/18 18:51:32,2023/11/19 03:06:06
